county,precinct,office,district,party,candidate,votes
Belknap,Center Harbor,State Representative,1,D,David Rose,323
Belknap,Center Harbor,State Representative,1,R,Tom Ploszaj,441
Belknap,Center Harbor,State Representative,1,,Undervotes,49
Belknap,Center Harbor,State Representative,1,,Overvotes,0
Belknap,Center Harbor,State Representative,1,,Write-Ins,1
Belknap,New Hampton,State Representative,1,D,David Rose,677
Belknap,New Hampton,State Representative,1,R,Tom Ploszaj,901
Belknap,New Hampton,State Representative,1,,Undervotes,91
Belknap,New Hampton,State Representative,1,,Overvotes,0
Belknap,New Hampton,State Representative,1,,Write-Ins,0
Belknap,Meredith,State Representative,2,D,Ben Brookmyer,1579
Belknap,Meredith,State Representative,2,D,Lynn Thomas,1913
Belknap,Meredith,State Representative,2,R,Matt Coker,2648
Belknap,Meredith,State Representative,2,R,Matthew Lunney,2112
Belknap,Meredith,State Representative,2,,Undervotes,244
Belknap,Meredith,State Representative,2,,Overvotes,0
Belknap,Meredith,State Representative,2,,Write-Ins,8
Belknap,Sanbornton,State Representative,3,D,Andrew R. Sanborn,884
Belknap,Sanbornton,State Representative,3,R,Juliet Harvey-Bolia,1156
Belknap,Sanbornton,State Representative,3,,Undervotes,101
Belknap,Sanbornton,State Representative,3,,Overvotes,0
Belknap,Sanbornton,State Representative,3,,Write-Ins,2
Belknap,Tilton,State Representative,3,D,Andrew R. Sanborn,932
Belknap,Tilton,State Representative,3,R,Juliet Harvey-Bolia,1177
Belknap,Tilton,State Representative,3,,Undervotes,146
Belknap,Tilton,State Representative,3,,Overvotes,0
Belknap,Tilton,State Representative,3,,Write-Ins,1
Belknap,Belmont,State Representative,4,R,Travis Toner,3011
Belknap,Belmont,State Representative,4,,Undervotes,1246
Belknap,Belmont,State Representative,4,,Overvotes,0
Belknap,Belmont,State Representative,4,,Write-Ins,48
Belknap,Laconia Ward 1,State Representative,5,D,Wendy Chase,774
Belknap,Laconia Ward 1,State Representative,5,D,Erika Gray,716
Belknap,Laconia Ward 1,State Representative,5,D,Charlie St. Clair,929
Belknap,Laconia Ward 1,State Representative,5,D,Jon Hildreth,831
Belknap,Laconia Ward 1,State Representative,5,,Undervotes,996
Belknap,Laconia Ward 1,State Representative,5,,Overvotes,0
Belknap,Laconia Ward 1,State Representative,5,,Write-Ins,2
Belknap,Laconia Ward 3,State Representative,5,D,Wendy Chase,722
Belknap,Laconia Ward 3,State Representative,5,D,Erika Gray,684
Belknap,Laconia Ward 3,State Representative,5,D,Charlie St. Clair,816
Belknap,Laconia Ward 3,State Representative,5,D,Jon Hildreth,737
Belknap,Laconia Ward 3,State Representative,5,,Undervotes,893
Belknap,Laconia Ward 3,State Representative,5,,Overvotes,0
Belknap,Laconia Ward 3,State Representative,5,,Write-Ins,1
Belknap,Laconia Ward 4,State Representative,5,D,Wendy Chase,496
Belknap,Laconia Ward 4,State Representative,5,D,Erika Gray,467
Belknap,Laconia Ward 4,State Representative,5,D,Charlie St. Clair,582
Belknap,Laconia Ward 4,State Representative,5,D,Jon Hildreth,522
Belknap,Laconia Ward 4,State Representative,5,,Undervotes,899
Belknap,Laconia Ward 4,State Representative,5,,Overvotes,0
Belknap,Laconia Ward 4,State Representative,5,,Write-Ins,4
Belknap,Laconia Ward 5,State Representative,5,D,Wendy Chase,432
Belknap,Laconia Ward 5,State Representative,5,D,Erika Gray,422
Belknap,Laconia Ward 5,State Representative,5,D,Charlie St. Clair,542
Belknap,Laconia Ward 5,State Representative,5,D,Jon Hildreth,451
Belknap,Laconia Ward 5,State Representative,5,,Undervotes,902
Belknap,Laconia Ward 5,State Representative,5,,Overvotes,2
Belknap,Laconia Ward 5,State Representative,5,,Write-Ins,5
Belknap,Laconia Ward 6,State Representative,5,D,Wendy Chase,651
Belknap,Laconia Ward 6,State Representative,5,D,Erika Gray,630
Belknap,Laconia Ward 6,State Representative,5,D,Charlie St. Clair,772
Belknap,Laconia Ward 6,State Representative,5,D,Jon Hildreth,683
Belknap,Laconia Ward 6,State Representative,5,,Undervotes,1025
Belknap,Laconia Ward 6,State Representative,5,,Overvotes,0
Belknap,Laconia Ward 6,State Representative,5,,Write-Ins,0
Belknap,Laconia Ward 1,State Representative,5,R,Steven T. Bogert,1010
Belknap,Laconia Ward 1,State Representative,5,R,Mike Bordes,1114
Belknap,Laconia Ward 1,State Representative,5,R,Richard Littlefield,911
Belknap,Laconia Ward 1,State Representative,5,R,Sheri Minor,986
Belknap,Laconia Ward 3,State Representative,5,R,Steven T. Bogert,554
Belknap,Laconia Ward 3,State Representative,5,R,Mike Bordes,597
Belknap,Laconia Ward 3,State Representative,5,R,Richard Littlefield,516
Belknap,Laconia Ward 3,State Representative,5,R,Sheri Minor,579
Belknap,Laconia Ward 4,State Representative,5,R,Steven T. Bogert,605
Belknap,Laconia Ward 4,State Representative,5,R,Mike Bordes,657
Belknap,Laconia Ward 4,State Representative,5,R,Richard Littlefield,571
Belknap,Laconia Ward 4,State Representative,5,R,Sheri Minor,660
Belknap,Laconia Ward 5,State Representative,5,R,Steven T. Bogert,580
Belknap,Laconia Ward 5,State Representative,5,R,Mike Bordes,611
Belknap,Laconia Ward 5,State Representative,5,R,Richard Littlefield,554
Belknap,Laconia Ward 5,State Representative,5,R,Sheri Minor,628
Belknap,Laconia Ward 6,State Representative,5,R,Steven T. Bogert,954
Belknap,Laconia Ward 6,State Representative,5,R,Mike Bordes,1061
Belknap,Laconia Ward 6,State Representative,5,R,Richard Littlefield,912
Belknap,Laconia Ward 6,State Representative,5,R,Sheri Minor,999
Belknap,Gilford,State Representative,6,D,Jonathan D. Arsenault,1606
Belknap,Gilford,State Representative,6,D,Bob McLean,2222
Belknap,Gilford,State Representative,6,D,Lena Nirk,2017
Belknap,Gilford,State Representative,6,D,Kurt Webber,2234
Belknap,Gilford,State Representative,6,,Undervotes,1606
Belknap,Gilford,State Representative,6,,Overvotes,0
Belknap,Gilford,State Representative,6,,Write-Ins,6
Belknap,Gilmanton,State Representative,6,D,Jonathan D. Arsenault,733
Belknap,Gilmanton,State Representative,6,D,Bob McLean,867
Belknap,Gilmanton,State Representative,6,D,Lena Nirk,839
Belknap,Gilmanton,State Representative,6,D,Kurt Webber,872
Belknap,Gilmanton,State Representative,6,,Undervotes,1656
Belknap,Gilmanton,State Representative,6,,Overvotes,0
Belknap,Gilmanton,State Representative,6,,Write-Ins,0
Belknap,Laconia Ward 2,State Representative,6,D,Jonathan D. Arsenault,466
Belknap,Laconia Ward 2,State Representative,6,D,Bob McLean,553
Belknap,Laconia Ward 2,State Representative,6,D,Lena Nirk,526
Belknap,Laconia Ward 2,State Representative,6,D,Kurt Webber,539
Belknap,Laconia Ward 2,State Representative,6,,Undervotes,936
Belknap,Laconia Ward 2,State Representative,6,,Overvotes,0
Belknap,Laconia Ward 2,State Representative,6,,Write-Ins,11
Belknap,Gilford,State Representative,6,R,David Nagel,2573
Belknap,Gilford,State Representative,6,R,Glen Aldrich,2339
Belknap,Gilford,State Representative,6,R,Harry H. Bean,2818
Belknap,Gilford,State Representative,6,R,Russell Dumais,2728
Belknap,Gilmanton,State Representative,6,R,David Nagel,1564
Belknap,Gilmanton,State Representative,6,R,Glen Aldrich,1357
Belknap,Gilmanton,State Representative,6,R,Harry H. Bean,1495
Belknap,Gilmanton,State Representative,6,R,Russell Dumais,1339
Belknap,Laconia Ward 2,State Representative,6,R,David Nagel,594
Belknap,Laconia Ward 2,State Representative,6,R,Glen Aldrich,566
Belknap,Laconia Ward 2,State Representative,6,R,Harry H. Bean,684
Belknap,Laconia Ward 2,State Representative,6,R,Russell Dumais,606
Belknap,Alton,State Representative,7,D,Susan Church Stevens,1167
Belknap,Alton,State Representative,7,D,Ruth Larson,1427
Belknap,Alton,State Representative,7,D,Stephanie Vuolo,1172
Belknap,Alton,State Representative,7,,Undervotes,1783
Belknap,Alton,State Representative,7,,Overvotes,0
Belknap,Alton,State Representative,7,,Write-Ins,1
Belknap,Barnstead,State Representative,7,D,Susan Church Stevens,963
Belknap,Barnstead,State Representative,7,D,Ruth Larson,1120
Belknap,Barnstead,State Representative,7,D,Stephanie Vuolo,952
Belknap,Barnstead,State Representative,7,,Undervotes,1437
Belknap,Barnstead,State Representative,7,,Overvotes,0
Belknap,Barnstead,State Representative,7,,Write-Ins,7
Belknap,Alton,State Representative,7,R,Barbara Comtois,2346
Belknap,Alton,State Representative,7,R,Paul A. Terry,2390
Belknap,Alton,State Representative,7,R,Peter R. Varney,2479
Belknap,Barnstead,State Representative,7,R,Barbara Comtois,1685
Belknap,Barnstead,State Representative,7,R,Paul A. Terry,1629
Belknap,Barnstead,State Representative,7,R,Peter R. Varney,1680
Belknap,Belmont,State Representative,8F,D,Sheryl Anderson,1370
Belknap,Belmont,State Representative,8F,D,Don House,1255
Belknap,Belmont,State Representative,8F,R,Lisa M. Freeman,2214
Belknap,Belmont,State Representative,8F,R,Douglas Trottier,2374
Belknap,Belmont,State Representative,8F,,Undervotes,1421
Belknap,Belmont,State Representative,8F,,Overvotes,0
Belknap,Belmont,State Representative,8F,,Write-Ins,4
Belknap,Sanbornton,State Representative,8F,D,Sheryl Anderson,768
Belknap,Sanbornton,State Representative,8F,D,Don House,692
Belknap,Sanbornton,State Representative,8F,R,Lisa M. Freeman,1118
Belknap,Sanbornton,State Representative,8F,R,Douglas Trottier,1110
Belknap,Sanbornton,State Representative,8F,,Undervotes,591
Belknap,Sanbornton,State Representative,8F,,Overvotes,0
Belknap,Sanbornton,State Representative,8F,,Write-Ins,4
Belknap,Tilton,State Representative,8F,D,Sheryl Anderson,876
Belknap,Tilton,State Representative,8F,D,Don House,733
Belknap,Tilton,State Representative,8F,R,Lisa M. Freeman,1113
Belknap,Tilton,State Representative,8F,R,Douglas Trottier,1085
Belknap,Tilton,State Representative,8F,,Undervotes,707
Belknap,Tilton,State Representative,8F,,Overvotes,0
Belknap,Tilton,State Representative,8F,,Write-Ins,2
Carroll,Conway,State Representative,1,D,Tom Buco,2901
Carroll,Conway,State Representative,1,D,David Paige,2974
Carroll,Conway,State Representative,1,D,Stephen L. Woodcock,3284
Carroll,Conway,State Representative,1,R,Karen C. Umberger,2826
Carroll,Conway,State Representative,1,,Undervotes,5948
Carroll,Conway,State Representative,1,,Overvotes,0
Carroll,Conway,State Representative,1,,Write-Ins,7
Carroll,Albany,State Representative,2,D,Anita Burroughs,228
Carroll,Albany,State Representative,2,D,Chris McAleer,211
Carroll,Albany,State Representative,2,R,Maureen Blanchard,209
Carroll,Albany,State Representative,2,,Undervotes,0
Carroll,Albany,State Representative,2,,Overvotes,0
Carroll,Albany,State Representative,2,,Write-Ins,1
Carroll,Bartlett,State Representative,2,D,Anita Burroughs,1211
Carroll,Bartlett,State Representative,2,D,Chris McAleer,1104
Carroll,Bartlett,State Representative,2,R,Maureen Blanchard,893
Carroll,Bartlett,State Representative,2,,Undervotes,1040
Carroll,Bartlett,State Representative,2,,Overvotes,1
Carroll,Bartlett,State Representative,2,,Write-Ins,5
Carroll,Chatham,State Representative,2,D,Anita Burroughs,96
Carroll,Chatham,State Representative,2,D,Chris McAleer,88
Carroll,Chatham,State Representative,2,R,Maureen Blanchard,133
Carroll,Chatham,State Representative,2,,Undervotes,152
Carroll,Chatham,State Representative,2,,Overvotes,0
Carroll,Chatham,State Representative,2,,Write-Ins,1
Carroll,Hale's Location,State Representative,2,D,Anita Burroughs,49
Carroll,Hale's Location,State Representative,2,D,Chris McAleer,50
Carroll,Hale's Location,State Representative,2,R,Maureen Blanchard,86
Carroll,Hale's Location,State Representative,2,,Undervotes,89
Carroll,Hale's Location,State Representative,2,,Overvotes,2
Carroll,Hale's Location,State Representative,2,,Write-Ins,0
Carroll,Hart's Location,State Representative,2,D,Anita Burroughs,20
Carroll,Hart's Location,State Representative,2,D,Chris McAleer,20
Carroll,Hart's Location,State Representative,2,R,Maureen Blanchard,25
Carroll,Hart's Location,State Representative,2,,Undervotes,26
Carroll,Hart's Location,State Representative,2,,Overvotes,0
Carroll,Hart's Location,State Representative,2,,Write-Ins,1
Carroll,Jackson,State Representative,2,D,Anita Burroughs,495
Carroll,Jackson,State Representative,2,D,Chris McAleer,502
Carroll,Jackson,State Representative,2,R,Maureen Blanchard,255
Carroll,Jackson,State Representative,2,,Undervotes,295
Carroll,Jackson,State Representative,2,,Overvotes,0
Carroll,Jackson,State Representative,2,,Write-Ins,2
Carroll,Sandwich,State Representative,2,D,Anita Burroughs,733
Carroll,Sandwich,State Representative,2,D,Chris McAleer,660
Carroll,Sandwich,State Representative,2,R,Maureen Blanchard,447
Carroll,Sandwich,State Representative,2,,Undervotes,557
Carroll,Sandwich,State Representative,2,,Overvotes,0
Carroll,Sandwich,State Representative,2,,Write-Ins,1
Carroll,Madison,State Representative,3,D,Kim Johnson,833
Carroll,Madison,State Representative,3,D,Sandra Ringelstein,805
Carroll,Madison,State Representative,3,R,Karel A. Crawford,789
Carroll,Madison,State Representative,3,R,Joseph Hamblen,711
Carroll,Madison,State Representative,3,,Undervotes,430
Carroll,Madison,State Representative,3,,Overvotes,0
Carroll,Madison,State Representative,3,,Write-Ins,2
Carroll,Moultonborough,State Representative,3,D,Kim Johnson,1486
Carroll,Moultonborough,State Representative,3,D,Sandra Ringelstein,1506
Carroll,Moultonborough,State Representative,3,R,Karel A. Crawford,2174
Carroll,Moultonborough,State Representative,3,R,Joseph Hamblen,1868
Carroll,Moultonborough,State Representative,3,,Undervotes,807
Carroll,Moultonborough,State Representative,3,,Overvotes,6
Carroll,Moultonborough,State Representative,3,,Write-Ins,3
Carroll,Tamworth,State Representative,3,D,Kim Johnson,851
Carroll,Tamworth,State Representative,3,D,Sandra Ringelstein,804
Carroll,Tamworth,State Representative,3,R,Karel A. Crawford,808
Carroll,Tamworth,State Representative,3,R,Joseph Hamblen,756
Carroll,Tamworth,State Representative,3,,Undervotes,484
Carroll,Tamworth,State Representative,3,,Overvotes,0
Carroll,Tamworth,State Representative,3,,Write-Ins,2
Carroll,Brookfield,State Representative,4,D,Donna V. Ackerman,234
Carroll,Brookfield,State Representative,4,R,Lino M. Avellani,327
Carroll,Brookfield,State Representative,4,R,Mike Belcher,264
Carroll,Brookfield,State Representative,4,,Undervotes,345
Carroll,Brookfield,State Representative,4,,Overvotes,0
Carroll,Brookfield,State Representative,4,,Write-Ins,2
Carroll,Eaton,State Representative,4,D,Donna V. Ackerman,183
Carroll,Eaton,State Representative,4,R,Lino M. Avellani,97
Carroll,Eaton,State Representative,4,R,Mike Belcher,125
Carroll,Eaton,State Representative,4,,Undervotes,240
Carroll,Eaton,State Representative,4,,Overvotes,0
Carroll,Eaton,State Representative,4,,Write-Ins,1
Carroll,Effingham,State Representative,4,D,Donna V. Ackerman,366
Carroll,Effingham,State Representative,4,R,Lino M. Avellani,487
Carroll,Effingham,State Representative,4,R,Mike Belcher,547
Carroll,Effingham,State Representative,4,,Undervotes,634
Carroll,Effingham,State Representative,4,,Overvotes,0
Carroll,Effingham,State Representative,4,,Write-Ins,0
Carroll,Freedom,State Representative,4,D,Donna V. Ackerman,507
Carroll,Freedom,State Representative,4,R,Lino M. Avellani,515
Carroll,Freedom,State Representative,4,R,Mike Belcher,584
Carroll,Freedom,State Representative,4,,Undervotes,800
Carroll,Freedom,State Representative,4,,Overvotes,2
Carroll,Freedom,State Representative,4,,Write-Ins,2
Carroll,Wakefield,State Representative,4,D,Donna V. Ackerman,1252
Carroll,Wakefield,State Representative,4,R,Lino M. Avellani,2174
Carroll,Wakefield,State Representative,4,R,Mike Belcher,1712
Carroll,Wakefield,State Representative,4,,Undervotes,1965
Carroll,Wakefield,State Representative,4,,Overvotes,0
Carroll,Wakefield,State Representative,4,,Write-Ins,2
Carroll,Ossipee,State Representative,5,R,Jonathan H. Smith,1890
Carroll,Ossipee,State Representative,5,,Undervotes,780
Carroll,Ossipee,State Representative,5,,Write-Ins,43
Carroll,Tuftonboro,State Representative,6,D,Karen Burnett-Kurie,664
Carroll,Tuftonboro,State Representative,6,R,John T. MacDonald,1000
Carroll,Tuftonboro,State Representative,6,R,Katy Peternel,980
Carroll,Tuftonboro,State Representative,6,I&D,Kayla Hewitt,777
Carroll,Tuftonboro,State Representative,6,,Undervotes,596
Carroll,Tuftonboro,State Representative,6,,Overvotes,0
Carroll,Tuftonboro,State Representative,6,,Write-Ins,1
Carroll,Wolfeboro,State Representative,6,D,Karen Burnett-Kurie,1663
Carroll,Wolfeboro,State Representative,6,R,John T. MacDonald,2332
Carroll,Wolfeboro,State Representative,6,R,Katy Peternel,2154
Carroll,Wolfeboro,State Representative,6,I&D,Kayla Hewitt,2085
Carroll,Wolfeboro,State Representative,6,,Undervotes,1452
Carroll,Wolfeboro,State Representative,6,,Overvotes,14
Carroll,Wolfeboro,State Representative,6,,Write-Ins,5
Carroll,Ossipee,State Representative,7F,D,Bobbi Boudman,939
Carroll,Ossipee,State Representative,7F,R,Glenn Cordelli,1600
Carroll,Ossipee,State Representative,7F,,Undervotes,173
Carroll,Ossipee,State Representative,7F,,Write-Ins,1
Carroll,Tuftonboro,State Representative,7F,D,Bobbi Boudman,804
Carroll,Tuftonboro,State Representative,7F,R,Glenn Cordelli,1098
Carroll,Tuftonboro,State Representative,7F,,Undervotes,106
Carroll,Tuftonboro,State Representative,7F,,Overvotes,0
Carroll,Tuftonboro,State Representative,7F,,Write-Ins,1
Carroll,Wolfeboro,State Representative,7F,D,Bobbi Boudman,2128
Carroll,Wolfeboro,State Representative,7F,R,Glenn Cordelli,2397
Carroll,Wolfeboro,State Representative,7F,,Undervotes,316
Carroll,Wolfeboro,State Representative,7F,,Overvotes,5
Carroll,Wolfeboro,State Representative,7F,,Write-Ins,5
Carroll,Brookfield,State Representative,8F,D,Rob Davies,199
Carroll,Brookfield,State Representative,8F,D,James Pittman,201
Carroll,Brookfield,State Representative,8F,R,Richard R. Brown,297
Carroll,Brookfield,State Representative,8F,R,Brian R. Taylor,256
Carroll,Brookfield,State Representative,8F,,Undervotes,217
Carroll,Brookfield,State Representative,8F,,Overvotes,2
Carroll,Brookfield,State Representative,8F,,Write-Ins,0
Carroll,Eaton,State Representative,8F,D,Rob Davies,24
Carroll,Eaton,State Representative,8F,D,James Pittman,27
Carroll,Eaton,State Representative,8F,R,Richard R. Brown,14
Carroll,Eaton,State Representative,8F,R,Brian R. Taylor,10
Carroll,Eaton,State Representative,8F,,Undervotes,115
Carroll,Eaton,State Representative,8F,,Overvotes,0
Carroll,Eaton,State Representative,8F,,Write-Ins,0
Carroll,Effingham,State Representative,8F,D,Rob Davies,276
Carroll,Effingham,State Representative,8F,D,James Pittman,326
Carroll,Effingham,State Representative,8F,R,Richard R. Brown,508
Carroll,Effingham,State Representative,8F,R,Brian R. Taylor,528
Carroll,Effingham,State Representative,8F,,Undervotes,394
Carroll,Effingham,State Representative,8F,,Overvotes,2
Carroll,Effingham,State Representative,8F,,Write-Ins,0
Carroll,Freedom,State Representative,8F,D,Rob Davies,404
Carroll,Freedom,State Representative,8F,D,James Pittman,422
Carroll,Freedom,State Representative,8F,R,Richard R. Brown,565
Carroll,Freedom,State Representative,8F,R,Brian R. Taylor,573
Carroll,Freedom,State Representative,8F,,Undervotes,434
Carroll,Freedom,State Representative,8F,,Overvotes,4
Carroll,Freedom,State Representative,8F,,Write-Ins,0
Carroll,Madison,State Representative,8F,D,Rob Davies,785
Carroll,Madison,State Representative,8F,D,James Pittman,823
Carroll,Madison,State Representative,8F,R,Richard R. Brown,772
Carroll,Madison,State Representative,8F,R,Brian R. Taylor,730
Carroll,Madison,State Representative,8F,,Undervotes,460
Carroll,Madison,State Representative,8F,,Overvotes,0
Carroll,Madison,State Representative,8F,,Write-Ins,2
Carroll,Moultonborough,State Representative,8F,D,Rob Davies,1294
Carroll,Moultonborough,State Representative,8F,D,James Pittman,1281
Carroll,Moultonborough,State Representative,8F,R,Richard R. Brown,2197
Carroll,Moultonborough,State Representative,8F,R,Brian R. Taylor,1985
Carroll,Moultonborough,State Representative,8F,,Undervotes,1092
Carroll,Moultonborough,State Representative,8F,,Overvotes,0
Carroll,Moultonborough,State Representative,8F,,Write-Ins,1
Carroll,Tamworth,State Representative,8F,D,Rob Davies,782
Carroll,Tamworth,State Representative,8F,D,James Pittman,799
Carroll,Tamworth,State Representative,8F,R,Richard R. Brown,816
Carroll,Tamworth,State Representative,8F,R,Brian R. Taylor,744
Carroll,Tamworth,State Representative,8F,,Undervotes,562
Carroll,Tamworth,State Representative,8F,,Overvotes,0
Carroll,Tamworth,State Representative,8F,,Write-Ins,2
Carroll,Wakefield,State Representative,8F,D,Rob Davies,1006
Carroll,Wakefield,State Representative,8F,D,James Pittman,944
Carroll,Wakefield,State Representative,8F,R,Richard R. Brown,1968
Carroll,Wakefield,State Representative,8F,R,Brian R. Taylor,1729
Carroll,Wakefield,State Representative,8F,,Undervotes,1464
Carroll,Wakefield,State Representative,8F,,Overvotes,0
Carroll,Wakefield,State Representative,8F,,Write-Ins,1
Cheshire,Keene Ward 1,State Representative,1,D,Dylan Germana,1639
Cheshire,Keene Ward 1,State Representative,1,,Undervotes,736
Cheshire,Keene Ward 1,State Representative,1,,Overvotes,0
Cheshire,Keene Ward 1,State Representative,1,,Write-Ins,12
Cheshire,Keene Ward 3,State Representative,2,D,Dru Fox,1563
Cheshire,Keene Ward 3,State Representative,2,R,Nathan Carbone,816
Cheshire,Keene Ward 3,State Representative,2,,Undervotes,118
Cheshire,Keene Ward 3,State Representative,2,,Overvotes,0
Cheshire,Keene Ward 3,State Representative,2,,Write-Ins,2
Cheshire,Keene Ward 5,State Representative,3,D,Philip Jones,2014
Cheshire,Keene Ward 5,State Representative,3,,Undervotes,827
Cheshire,Keene Ward 5,State Representative,3,,Overvotes,0
Cheshire,Keene Ward 5,State Representative,3,,Write-Ins,37
Cheshire,Keene Ward 4,State Representative,4,D,Jodi Newell,1553
Cheshire,Keene Ward 4,State Representative,4,R,Thomas Savastano,814
Cheshire,Keene Ward 4,State Representative,4,,Undervotes,198
Cheshire,Keene Ward 4,State Representative,4,,Overvotes,0
Cheshire,Keene Ward 4,State Representative,4,,Write-Ins,8
Cheshire,Surry,State Representative,5,D,Lucy McVitty Weber,271
Cheshire,Surry,State Representative,5,R,William J. Sommer,270
Cheshire,Surry,State Representative,5,,Undervotes,38
Cheshire,Surry,State Representative,5,,Overvotes,0
Cheshire,Surry,State Representative,5,,Write-Ins,0
Cheshire,Walpole,State Representative,5,D,Lucy McVitty Weber,1339
Cheshire,Walpole,State Representative,5,R,William J. Sommer,941
Cheshire,Walpole,State Representative,5,,Undervotes,79
Cheshire,Walpole,State Representative,5,,Overvotes,0
Cheshire,Walpole,State Representative,5,,Write-Ins,3
Cheshire,Chesterfield,State Representative,6,D,Paul Berch,1167
Cheshire,Chesterfield,State Representative,6,D,Cathryn A. Harvey,1176
Cheshire,Chesterfield,State Representative,6,R,Sean Graves,1173
Cheshire,Chesterfield,State Representative,6,R,Robert Sutherland,915
Cheshire,Chesterfield,State Representative,6,,Undervotes,500
Cheshire,Chesterfield,State Representative,6,,Overvotes,4
Cheshire,Chesterfield,State Representative,6,,Write-Ins,1
Cheshire,Hinsdale,State Representative,6,D,Paul Berch,877
Cheshire,Hinsdale,State Representative,6,D,Cathryn A. Harvey,883
Cheshire,Hinsdale,State Representative,6,R,Sean Graves,839
Cheshire,Hinsdale,State Representative,6,R,Robert Sutherland,738
Cheshire,Hinsdale,State Representative,6,,Undervotes,509
Cheshire,Hinsdale,State Representative,6,,Overvotes,0
Cheshire,Hinsdale,State Representative,6,,Write-Ins,3
Cheshire,Westmoreland,State Representative,6,D,Paul Berch,576
Cheshire,Westmoreland,State Representative,6,D,Cathryn A. Harvey,552
Cheshire,Westmoreland,State Representative,6,R,Sean Graves,488
Cheshire,Westmoreland,State Representative,6,R,Robert Sutherland,410
Cheshire,Westmoreland,State Representative,6,,Undervotes,204
Cheshire,Westmoreland,State Representative,6,,Overvotes,0
Cheshire,Westmoreland,State Representative,6,,Write-Ins,0
Cheshire,Keene Ward 2,State Representative,7,D,Terri O'Rorke,1899
Cheshire,Keene Ward 2,State Representative,7,,Undervotes,724
Cheshire,Keene Ward 2,State Representative,7,,Overvotes,0
Cheshire,Keene Ward 2,State Representative,7,,Write-Ins,21
Cheshire,Harrisville,State Representative,8,D,Lucius Parshall,545
Cheshire,Harrisville,State Representative,8,,Undervotes,215
Cheshire,Harrisville,State Representative,8,,Overvotes,1
Cheshire,Harrisville,State Representative,8,,Write-Ins,14
Cheshire,Marlborough,State Representative,8,D,Lucius Parshall,870
Cheshire,Marlborough,State Representative,8,,Undervotes,393
Cheshire,Marlborough,State Representative,8,,Overvotes,0
Cheshire,Marlborough,State Representative,8,,Write-Ins,20
Cheshire,Nelson,State Representative,8,D,Lucius Parshall,273
Cheshire,Nelson,State Representative,8,,Undervotes,166
Cheshire,Nelson,State Representative,8,,Overvotes,0
Cheshire,Nelson,State Representative,8,,Write-Ins,9
Cheshire,Roxbury,State Representative,8,D,Lucius Parshall,93
Cheshire,Roxbury,State Representative,8,,Undervotes,64
Cheshire,Roxbury,State Representative,8,,Overvotes,0
Cheshire,Roxbury,State Representative,8,,Write-Ins,3
Cheshire,Sullivan,State Representative,8,D,Lucius Parshall,224
Cheshire,Sullivan,State Representative,8,,Undervotes,204
Cheshire,Sullivan,State Representative,8,,Overvotes,0
Cheshire,Sullivan,State Representative,8,,Write-Ins,8
Cheshire,Alstead,State Representative,9,D,Daniel Adams Eaton,590
Cheshire,Alstead,State Representative,9,R,Rich Nalevanko,576
Cheshire,Alstead,State Representative,9,,Undervotes,54
Cheshire,Alstead,State Representative,9,,Overvotes,0
Cheshire,Alstead,State Representative,9,,Write-Ins,0
Cheshire,Gilsum,State Representative,9,D,Daniel Adams Eaton,230
Cheshire,Gilsum,State Representative,9,R,Rich Nalevanko,260
Cheshire,Gilsum,State Representative,9,,Undervotes,31
Cheshire,Gilsum,State Representative,9,,Overvotes,0
Cheshire,Gilsum,State Representative,9,,Write-Ins,0
Cheshire,Marlow,State Representative,9,D,Daniel Adams Eaton,228
Cheshire,Marlow,State Representative,9,R,Rich Nalevanko,213
Cheshire,Marlow,State Representative,9,,Undervotes,23
Cheshire,Marlow,State Representative,9,,Overvotes,0
Cheshire,Marlow,State Representative,9,,Write-Ins,0
Cheshire,Stoddard,State Representative,9,D,Daniel Adams Eaton,437
Cheshire,Stoddard,State Representative,9,R,Rich Nalevanko,475
Cheshire,Stoddard,State Representative,9,,Undervotes,35
Cheshire,Stoddard,State Representative,9,,Overvotes,0
Cheshire,Stoddard,State Representative,9,,Write-Ins,0
Cheshire,Richmond,State Representative,10,D,Barry Faulkner,263
Cheshire,Richmond,State Representative,10,D,Alan Gross,225
Cheshire,Richmond,State Representative,10,R,Sly Karasinski,388
Cheshire,Richmond,State Representative,10,R,Daniel LeClair,403
Cheshire,Richmond,State Representative,10,,Undervotes,241
Cheshire,Richmond,State Representative,10,,Overvotes,0
Cheshire,Richmond,State Representative,10,,Write-Ins,0
Cheshire,Swanzey,State Representative,10,D,Barry Faulkner,1987
Cheshire,Swanzey,State Representative,10,D,Alan Gross,1696
Cheshire,Swanzey,State Representative,10,R,Sly Karasinski,1832
Cheshire,Swanzey,State Representative,10,R,Daniel LeClair,1784
Cheshire,Swanzey,State Representative,10,,Undervotes,1213
Cheshire,Swanzey,State Representative,10,,Overvotes,0
Cheshire,Swanzey,State Representative,10,,Write-Ins,0
Cheshire,Winchester,State Representative,11,D,Natalie Quevedo,882
Cheshire,Winchester,State Representative,11,R,Denis Vincent Murphy II,1110
Cheshire,Winchester,State Representative,11,,Undervotes,96
Cheshire,Winchester,State Representative,11,,Overvotes,0
Cheshire,Winchester,State Representative,11,,Write-Ins,2
Cheshire,Fitzwilliam,State Representative,12,D,Jack Gettens,623
Cheshire,Fitzwilliam,State Representative,12,R,Dick H. Thackston III,780
Cheshire,Fitzwilliam,State Representative,12,,Undervotes,62
Cheshire,Fitzwilliam,State Representative,12,,Overvotes,0
Cheshire,Fitzwilliam,State Representative,12,,Write-Ins,1
Cheshire,Troy,State Representative,12,D,Jack Gettens,505
Cheshire,Troy,State Representative,12,R,Dick H. Thackston III,586
Cheshire,Troy,State Representative,12,,Undervotes,50
Cheshire,Troy,State Representative,12,,Overvotes,0
Cheshire,Troy,State Representative,12,,Write-Ins,2
Cheshire,Dublin,State Representative,13,D,Richard Ames,611
Cheshire,Dublin,State Representative,13,R,Donald R. Primrose,450
Cheshire,Dublin,State Representative,13,,Undervotes,78
Cheshire,Dublin,State Representative,13,,Overvotes,0
Cheshire,Dublin,State Representative,13,,Write-Ins,0
Cheshire,Jaffrey,State Representative,13,D,Richard Ames,1544
Cheshire,Jaffrey,State Representative,13,R,Donald R. Primrose,1550
Cheshire,Jaffrey,State Representative,13,,Undervotes,134
Cheshire,Jaffrey,State Representative,13,,Overvotes,0
Cheshire,Jaffrey,State Representative,13,,Write-Ins,0
Cheshire,Rindge,State Representative,14F,D,Deni Dickler,1270
Cheshire,Rindge,State Representative,14F,R,John B. Hunt,2351
Cheshire,Rindge,State Representative,14F,,Undervotes,144
Cheshire,Rindge,State Representative,14F,,Overvotes,0
Cheshire,Rindge,State Representative,14F,,Write-Ins,1
Cheshire,Chesterfield,State Representative,15F,D,Nicholas Germana,1185
Cheshire,Chesterfield,State Representative,15F,D,Samantha Jacobs,1252
Cheshire,Chesterfield,State Representative,15F,R,Jerry L. Sickels,943
Cheshire,Chesterfield,State Representative,15F,R,John W. Winter,923
Cheshire,Chesterfield,State Representative,15F,,Undervotes,631
Cheshire,Chesterfield,State Representative,15F,,Overvotes,2
Cheshire,Chesterfield,State Representative,15F,,Write-Ins,0
Cheshire,Hinsdale,State Representative,15F,D,Nicholas Germana,846
Cheshire,Hinsdale,State Representative,15F,D,Samantha Jacobs,905
Cheshire,Hinsdale,State Representative,15F,R,Jerry L. Sickels,721
Cheshire,Hinsdale,State Representative,15F,R,John W. Winter,796
Cheshire,Hinsdale,State Representative,15F,,Undervotes,578
Cheshire,Hinsdale,State Representative,15F,,Overvotes,0
Cheshire,Hinsdale,State Representative,15F,,Write-Ins,3
Cheshire,Keene Ward 1,State Representative,15F,D,Nicholas Germana,1316
Cheshire,Keene Ward 1,State Representative,15F,D,Samantha Jacobs,1342
Cheshire,Keene Ward 1,State Representative,15F,R,Jerry L. Sickels,635
Cheshire,Keene Ward 1,State Representative,15F,R,John W. Winter,633
Cheshire,Keene Ward 1,State Representative,15F,,Undervotes,854
Cheshire,Keene Ward 1,State Representative,15F,,Overvotes,1
Cheshire,Keene Ward 1,State Representative,15F,,Write-Ins,7
Cheshire,Keene Ward 3,State Representative,15F,D,Nicholas Germana,1459
Cheshire,Keene Ward 3,State Representative,15F,D,Samantha Jacobs,1513
Cheshire,Keene Ward 3,State Representative,15F,R,Jerry L. Sickels,694
Cheshire,Keene Ward 3,State Representative,15F,R,John W. Winter,707
Cheshire,Keene Ward 3,State Representative,15F,,Undervotes,622
Cheshire,Keene Ward 3,State Representative,15F,,Overvotes,0
Cheshire,Keene Ward 3,State Representative,15F,,Write-Ins,5
Cheshire,Keene Ward 4,State Representative,15F,D,Nicholas Germana,1443
Cheshire,Keene Ward 4,State Representative,15F,D,Samantha Jacobs,1494
Cheshire,Keene Ward 4,State Representative,15F,R,Jerry L. Sickels,734
Cheshire,Keene Ward 4,State Representative,15F,R,John W. Winter,733
Cheshire,Keene Ward 4,State Representative,15F,,Undervotes,726
Cheshire,Keene Ward 4,State Representative,15F,,Overvotes,0
Cheshire,Keene Ward 4,State Representative,15F,,Write-Ins,0
Cheshire,Keene Ward 5,State Representative,15F,D,Nicholas Germana,1685
Cheshire,Keene Ward 5,State Representative,15F,D,Samantha Jacobs,1740
Cheshire,Keene Ward 5,State Representative,15F,R,Jerry L. Sickels,811
Cheshire,Keene Ward 5,State Representative,15F,R,John W. Winter,803
Cheshire,Keene Ward 5,State Representative,15F,,Undervotes,711
Cheshire,Keene Ward 5,State Representative,15F,,Overvotes,2
Cheshire,Keene Ward 5,State Representative,15F,,Write-Ins,4
Cheshire,Surry,State Representative,15F,D,Nicholas Germana,267
Cheshire,Surry,State Representative,15F,D,Samantha Jacobs,266
Cheshire,Surry,State Representative,15F,R,Jerry L. Sickels,226
Cheshire,Surry,State Representative,15F,R,John W. Winter,236
Cheshire,Surry,State Representative,15F,,Undervotes,161
Cheshire,Surry,State Representative,15F,,Overvotes,2
Cheshire,Surry,State Representative,15F,,Write-Ins,0
Cheshire,Walpole,State Representative,15F,D,Nicholas Germana,1192
Cheshire,Walpole,State Representative,15F,D,Samantha Jacobs,1307
Cheshire,Walpole,State Representative,15F,R,Jerry L. Sickels,841
Cheshire,Walpole,State Representative,15F,R,John W. Winter,866
Cheshire,Walpole,State Representative,15F,,Undervotes,510
Cheshire,Walpole,State Representative,15F,,Overvotes,0
Cheshire,Walpole,State Representative,15F,,Write-Ins,4
Cheshire,Westmoreland,State Representative,15F,D,Nicholas Germana,534
Cheshire,Westmoreland,State Representative,15F,D,Samantha Jacobs,544
Cheshire,Westmoreland,State Representative,15F,R,Jerry L. Sickels,436
Cheshire,Westmoreland,State Representative,15F,R,John W. Winter,445
Cheshire,Westmoreland,State Representative,15F,,Undervotes,271
Cheshire,Westmoreland,State Representative,15F,,Overvotes,0
Cheshire,Westmoreland,State Representative,15F,,Write-Ins,0
Cheshire,Alstead,State Representative,16F,D,James Gruber,625
Cheshire,Alstead,State Representative,16F,R,Bob Willis,494
Cheshire,Alstead,State Representative,16F,,Undervotes,100
Cheshire,Alstead,State Representative,16F,,Overvotes,0
Cheshire,Alstead,State Representative,16F,,Write-Ins,0
Cheshire,Gilsum,State Representative,16F,D,James Gruber,226
Cheshire,Gilsum,State Representative,16F,R,Bob Willis,254
Cheshire,Gilsum,State Representative,16F,,Undervotes,41
Cheshire,Gilsum,State Representative,16F,,Overvotes,0
Cheshire,Gilsum,State Representative,16F,,Write-Ins,0
Cheshire,Harrisville,State Representative,16F,D,James Gruber,504
Cheshire,Harrisville,State Representative,16F,R,Bob Willis,228
Cheshire,Harrisville,State Representative,16F,,Undervotes,42
Cheshire,Harrisville,State Representative,16F,,Overvotes,1
Cheshire,Harrisville,State Representative,16F,,Write-Ins,0
Cheshire,Keene Ward 2,State Representative,16F,D,James Gruber,1688
Cheshire,Keene Ward 2,State Representative,16F,R,Bob Willis,753
Cheshire,Keene Ward 2,State Representative,16F,,Undervotes,203
Cheshire,Keene Ward 2,State Representative,16F,,Overvotes,0
Cheshire,Keene Ward 2,State Representative,16F,,Write-Ins,2
Cheshire,Marlborough,State Representative,16F,D,James Gruber,723
Cheshire,Marlborough,State Representative,16F,R,Bob Willis,476
Cheshire,Marlborough,State Representative,16F,,Undervotes,84
Cheshire,Marlborough,State Representative,16F,,Overvotes,1
Cheshire,Marlborough,State Representative,16F,,Write-Ins,1
Cheshire,Marlow,State Representative,16F,D,James Gruber,221
Cheshire,Marlow,State Representative,16F,R,Bob Willis,205
Cheshire,Marlow,State Representative,16F,,Undervotes,38
Cheshire,Marlow,State Representative,16F,,Overvotes,0
Cheshire,Marlow,State Representative,16F,,Write-Ins,0
Cheshire,Nelson,State Representative,16F,D,James Gruber,251
Cheshire,Nelson,State Representative,16F,R,Bob Willis,173
Cheshire,Nelson,State Representative,16F,,Undervotes,24
Cheshire,Nelson,State Representative,16F,,Overvotes,0
Cheshire,Nelson,State Representative,16F,,Write-Ins,0
Cheshire,Roxbury,State Representative,16F,D,James Gruber,76
Cheshire,Roxbury,State Representative,16F,R,Bob Willis,60
Cheshire,Roxbury,State Representative,16F,,Undervotes,21
Cheshire,Roxbury,State Representative,16F,,Overvotes,0
Cheshire,Roxbury,State Representative,16F,,Write-Ins,0
Cheshire,Stoddard,State Representative,16F,D,James Gruber,393
Cheshire,Stoddard,State Representative,16F,R,Bob Willis,507
Cheshire,Stoddard,State Representative,16F,,Undervotes,48
Cheshire,Stoddard,State Representative,16F,,Overvotes,0
Cheshire,Stoddard,State Representative,16F,,Write-Ins,0
Cheshire,Sullivan,State Representative,16F,D,James Gruber,172
Cheshire,Sullivan,State Representative,16F,R,Bob Willis,229
Cheshire,Sullivan,State Representative,16F,,Undervotes,35
Cheshire,Sullivan,State Representative,16F,,Overvotes,0
Cheshire,Sullivan,State Representative,16F,,Write-Ins,0
Cheshire,Fitzwilliam,State Representative,17F,D,Kristan Tilton,594
Cheshire,Fitzwilliam,State Representative,17F,R,Jennifer Rhodes,805
Cheshire,Fitzwilliam,State Representative,17F,,Undervotes,67
Cheshire,Fitzwilliam,State Representative,17F,,Overvotes,0
Cheshire,Fitzwilliam,State Representative,17F,,Write-Ins,0
Cheshire,Richmond,State Representative,17F,D,Kristan Tilton,253
Cheshire,Richmond,State Representative,17F,R,Jennifer Rhodes,461
Cheshire,Richmond,State Representative,17F,,Undervotes,45
Cheshire,Richmond,State Representative,17F,,Overvotes,0
Cheshire,Richmond,State Representative,17F,,Write-Ins,1
Cheshire,Swanzey,State Representative,17F,D,Kristan Tilton,1881
Cheshire,Swanzey,State Representative,17F,R,Jennifer Rhodes,2102
Cheshire,Swanzey,State Representative,17F,,Undervotes,271
Cheshire,Swanzey,State Representative,17F,,Overvotes,0
Cheshire,Swanzey,State Representative,17F,,Write-Ins,2
Cheshire,Troy,State Representative,17F,D,Kristan Tilton,449
Cheshire,Troy,State Representative,17F,R,Jennifer Rhodes,638
Cheshire,Troy,State Representative,17F,,Undervotes,58
Cheshire,Troy,State Representative,17F,,Overvotes,0
Cheshire,Troy,State Representative,17F,,Write-Ins,0
Cheshire,Winchester,State Representative,17F,D,Kristan Tilton,796
Cheshire,Winchester,State Representative,17F,R,Jennifer Rhodes,1198
Cheshire,Winchester,State Representative,17F,,Undervotes,96
Cheshire,Winchester,State Representative,17F,,Overvotes,0
Cheshire,Winchester,State Representative,17F,,Write-Ins,0
Cheshire,Dublin,State Representative,18F,D,Hannah Bissex,608
Cheshire,Dublin,State Representative,18F,D,Tom Hsu,578
Cheshire,Dublin,State Representative,18F,R,Rita Mattson,445
Cheshire,Dublin,State Representative,18F,R,Jim Qualey,408
Cheshire,Dublin,State Representative,18F,,Undervotes,239
Cheshire,Dublin,State Representative,18F,,Overvotes,0
Cheshire,Dublin,State Representative,18F,,Write-Ins,0
Cheshire,Jaffrey,State Representative,18F,D,Hannah Bissex,1498
Cheshire,Jaffrey,State Representative,18F,D,Tom Hsu,1368
Cheshire,Jaffrey,State Representative,18F,R,Rita Mattson,1507
Cheshire,Jaffrey,State Representative,18F,R,Jim Qualey,1339
Cheshire,Jaffrey,State Representative,18F,,Undervotes,739
Cheshire,Jaffrey,State Representative,18F,,Overvotes,0
Cheshire,Jaffrey,State Representative,18F,,Write-Ins,0
Cheshire,Rindge,State Representative,18F,D,Hannah Bissex,1314
Cheshire,Rindge,State Representative,18F,D,Tom Hsu,1110
Cheshire,Rindge,State Representative,18F,R,Rita Mattson,2109
Cheshire,Rindge,State Representative,18F,R,Jim Qualey,2156
Cheshire,Rindge,State Representative,18F,,Undervotes,842
Cheshire,Rindge,State Representative,18F,,Overvotes,0
Cheshire,Rindge,State Representative,18F,,Write-Ins,1
Coos,Dalton,State Representative,1,D,Cathleen A. Fountain,268
Coos,Dalton,State Representative,1,R,Sean C. Durkin,307
Coos,Dalton,State Representative,1,R,James W. Tierney Jr.,247
Coos,Dalton,State Representative,1,,Undervotes,420
Coos,Dalton,State Representative,1,,Overvotes,0
Coos,Dalton,State Representative,1,,Write-Ins,0
Coos,Lancaster,State Representative,1,D,Cathleen A. Fountain,764
Coos,Lancaster,State Representative,1,R,Sean C. Durkin,888
Coos,Lancaster,State Representative,1,R,James W. Tierney Jr.,710
Coos,Lancaster,State Representative,1,,Undervotes,1278
Coos,Lancaster,State Representative,1,,Overvotes,0
Coos,Lancaster,State Representative,1,,Write-Ins,2
Coos,Northumberland,State Representative,1,D,Cathleen A. Fountain,377
Coos,Northumberland,State Representative,1,R,Sean C. Durkin,594
Coos,Northumberland,State Representative,1,R,James W. Tierney Jr.,539
Coos,Northumberland,State Representative,1,,Undervotes,784
Coos,Northumberland,State Representative,1,,Overvotes,0
Coos,Northumberland,State Representative,1,,Write-Ins,0
Coos,Stratford,State Representative,1,D,Cathleen A. Fountain,135
Coos,Stratford,State Representative,1,R,Sean C. Durkin,171
Coos,Stratford,State Representative,1,R,James W. Tierney Jr.,136
Coos,Stratford,State Representative,1,,Undervotes,278
Coos,Stratford,State Representative,1,,Overvotes,0
Coos,Stratford,State Representative,1,,Write-Ins,2
Coos,At. & Gilm. Ac. Grant,State Representative,2,R,Arnold G. Davis,0
Coos,At. & Gilm. Ac. Grant,State Representative,2,,Undervotes,0
Coos,At. & Gilm. Ac. Grant,State Representative,2,,Overvotes,0
Coos,At. & Gilm. Ac. Grant,State Representative,2,,Write-Ins,0
Coos,Cambridge,State Representative,2,R,Arnold G. Davis,3
Coos,Cambridge,State Representative,2,,Undervotes,2
Coos,Cambridge,State Representative,2,,Overvotes,0
Coos,Cambridge,State Representative,2,,Write-Ins,0
Coos,Clarksville,State Representative,2,R,Arnold G. Davis,130
Coos,Clarksville,State Representative,2,,Undervotes,64
Coos,Clarksville,State Representative,2,,Overvotes,0
Coos,Clarksville,State Representative,2,,Write-Ins,3
Coos,Dix's Grant,State Representative,2,R,Arnold G. Davis,0
Coos,Dix's Grant,State Representative,2,,Undervotes,0
Coos,Dix's Grant,State Representative,2,,Overvotes,0
Coos,Dix's Grant,State Representative,2,,Write-Ins,0
Coos,Dixville,State Representative,2,R,Arnold G. Davis,6
Coos,Dixville,State Representative,2,,Undervotes,0
Coos,Dixville,State Representative,2,,Overvotes,0
Coos,Dixville,State Representative,2,,Write-Ins,0
Coos,Dummer,State Representative,2,R,Arnold G. Davis,139
Coos,Dummer,State Representative,2,,Undervotes,50
Coos,Dummer,State Representative,2,,Overvotes,0
Coos,Dummer,State Representative,2,,Write-Ins,1
Coos,Errol,State Representative,2,R,Arnold G. Davis,162
Coos,Errol,State Representative,2,,Undervotes,73
Coos,Errol,State Representative,2,,Overvotes,0
Coos,Errol,State Representative,2,,Write-Ins,0
Coos,Milan,State Representative,2,R,Arnold G. Davis,575
Coos,Milan,State Representative,2,,Undervotes,248
Coos,Milan,State Representative,2,,Overvotes,0
Coos,Milan,State Representative,2,,Write-Ins,0
Coos,Millsfield,State Representative,2,R,Arnold G. Davis,10
Coos,Millsfield,State Representative,2,,Undervotes,0
Coos,Millsfield,State Representative,2,,Overvotes,0
Coos,Millsfield,State Representative,2,,Write-Ins,0
Coos,Odell,State Representative,2,R,Arnold G. Davis,0
Coos,Odell,State Representative,2,,Undervotes,0
Coos,Odell,State Representative,2,,Overvotes,0
Coos,Odell,State Representative,2,,Write-Ins,0
Coos,Pittsburg,State Representative,2,R,Arnold G. Davis,460
Coos,Pittsburg,State Representative,2,,Undervotes,153
Coos,Pittsburg,State Representative,2,,Overvotes,0
Coos,Pittsburg,State Representative,2,,Write-Ins,0
Coos,Second College Grant,State Representative,2,R,Arnold G. Davis,0
Coos,Second College Grant,State Representative,2,,Undervotes,0
Coos,Second College Grant,State Representative,2,,Overvotes,0
Coos,Second College Grant,State Representative,2,,Write-Ins,0
Coos,Stark,State Representative,2,R,Arnold G. Davis,232
Coos,Stark,State Representative,2,,Undervotes,99
Coos,Stark,State Representative,2,,Overvotes,0
Coos,Stark,State Representative,2,,Write-Ins,0
Coos,Wentworth's Loc.,State Representative,2,R,Arnold G. Davis,17
Coos,Wentworth's Loc.,State Representative,2,,Undervotes,6
Coos,Wentworth's Loc.,State Representative,2,,Overvotes,0
Coos,Wentworth's Loc.,State Representative,2,,Write-Ins,0
Coos,Colebrook,State Representative,3,R,Mike Ouellet,833
Coos,Colebrook,State Representative,3,,Undervotes,319
Coos,Colebrook,State Representative,3,,Overvotes,0
Coos,Colebrook,State Representative,3,,Write-Ins,5
Coos,Columbia,State Representative,3,R,Mike Ouellet,286
Coos,Columbia,State Representative,3,,Undervotes,127
Coos,Columbia,State Representative,3,,Overvotes,0
Coos,Columbia,State Representative,3,,Write-Ins,3
Coos,Erving's Location,State Representative,3,R,Mike Ouellet,0
Coos,Erving's Location,State Representative,3,,Undervotes,0
Coos,Erving's Location,State Representative,3,,Overvotes,0
Coos,Erving's Location,State Representative,3,,Write-Ins,0
Coos,Stewartstown,State Representative,3,R,Mike Ouellet,346
Coos,Stewartstown,State Representative,3,,Undervotes,107
Coos,Stewartstown,State Representative,3,,Overvotes,2
Coos,Stewartstown,State Representative,3,,Write-Ins,1
Coos,Carroll,State Representative,4,R,Seth King,289
Coos,Carroll,State Representative,4,D,Suzy Colt,237
Coos,Carroll,State Representative,4,,Undervotes,26
Coos,Carroll,State Representative,4,,Overvotes,0
Coos,Carroll,State Representative,4,,Write-Ins,0
Coos,Jefferson,State Representative,4,R,Seth King,424
Coos,Jefferson,State Representative,4,D,Suzy Colt,234
Coos,Jefferson,State Representative,4,,Undervotes,34
Coos,Jefferson,State Representative,4,,Overvotes,0
Coos,Jefferson,State Representative,4,,Write-Ins,0
Coos,Kilkenny,State Representative,4,R,Seth King,0
Coos,Kilkenny,State Representative,4,D,Suzy Colt,0
Coos,Kilkenny,State Representative,4,,Undervotes,0
Coos,Kilkenny,State Representative,4,,Overvotes,0
Coos,Kilkenny,State Representative,4,,Write-Ins,0
Coos,Whitefield,State Representative,4,R,Seth King,712
Coos,Whitefield,State Representative,4,D,Suzy Colt,672
Coos,Whitefield,State Representative,4,,Undervotes,93
Coos,Whitefield,State Representative,4,,Overvotes,2
Coos,Whitefield,State Representative,4,,Write-Ins,0
Coos,Berlin,State Representative,5,D,Corinne Cascadden,1768
Coos,Berlin,State Representative,5,D,Henry W. Noel,1561
Coos,Berlin,State Representative,5,R,Peter Morency,1932
Coos,Berlin,State Representative,5,R,Brian L. Valerino,2032
Coos,Berlin,State Representative,5,,Undervotes,781
Coos,Berlin,State Representative,5,,Overvotes,52
Coos,Berlin,State Representative,5,,Write-Ins,2
Coos,Bean's Grant,State Representative,6,D,Maggie Baker,0
Coos,Bean's Grant,State Representative,6,R,Michael P. Murphy,0
Coos,Bean's Grant,State Representative,6,,Undervotes,0
Coos,Bean's Grant,State Representative,6,,Overvotes,0
Coos,Bean's Grant,State Representative,6,,Write-Ins,0
Coos,Bean's Purchase,State Representative,6,D,Maggie Baker,0
Coos,Bean's Purchase,State Representative,6,R,Michael P. Murphy,0
Coos,Bean's Purchase,State Representative,6,,Undervotes,0
Coos,Bean's Purchase,State Representative,6,,Overvotes,0
Coos,Bean's Purchase,State Representative,6,,Write-Ins,0
Coos,Chandler's Purchase,State Representative,6,D,Maggie Baker,0
Coos,Chandler's Purchase,State Representative,6,R,Michael P. Murphy,0
Coos,Chandler's Purchase,State Representative,6,,Undervotes,0
Coos,Chandler's Purchase,State Representative,6,,Overvotes,0
Coos,Chandler's Purchase,State Representative,6,,Write-Ins,0
Coos,Crawford's Purchase,State Representative,6,D,Maggie Baker,0
Coos,Crawford's Purchase,State Representative,6,R,Michael P. Murphy,0
Coos,Crawford's Purchase,State Representative,6,,Undervotes,0
Coos,Crawford's Purchase,State Representative,6,,Overvotes,0
Coos,Crawford's Purchase,State Representative,6,,Write-Ins,0
Coos,Cutt's Grant,State Representative,6,D,Maggie Baker,0
Coos,Cutt's Grant,State Representative,6,R,Michael P. Murphy,0
Coos,Cutt's Grant,State Representative,6,,Undervotes,0
Coos,Cutt's Grant,State Representative,6,,Overvotes,0
Coos,Cutt's Grant,State Representative,6,,Write-Ins,0
Coos,Gorham,State Representative,6,D,Maggie Baker,697
Coos,Gorham,State Representative,6,R,Michael P. Murphy,907
Coos,Gorham,State Representative,6,,Undervotes,65
Coos,Gorham,State Representative,6,,Overvotes,1
Coos,Gorham,State Representative,6,,Write-Ins,2
Coos,Green's Grant,State Representative,6,D,Maggie Baker,1
Coos,Green's Grant,State Representative,6,R,Michael P. Murphy,0
Coos,Green's Grant,State Representative,6,,Undervotes,0
Coos,Green's Grant,State Representative,6,,Overvotes,0
Coos,Green's Grant,State Representative,6,,Write-Ins,0
Coos,Hadley's Purchase,State Representative,6,D,Maggie Baker,0
Coos,Hadley's Purchase,State Representative,6,R,Michael P. Murphy,0
Coos,Hadley's Purchase,State Representative,6,,Undervotes,0
Coos,Hadley's Purchase,State Representative,6,,Overvotes,0
Coos,Hadley's Purchase,State Representative,6,,Write-Ins,0
Coos,Low and Burbank's Gt.,State Representative,6,D,Maggie Baker,0
Coos,Low and Burbank's Gt.,State Representative,6,R,Michael P. Murphy,0
Coos,Low and Burbank's Gt.,State Representative,6,,Undervotes,0
Coos,Low and Burbank's Gt.,State Representative,6,,Overvotes,0
Coos,Low and Burbank's Gt.,State Representative,6,,Write-Ins,0
Coos,Martin's Location,State Representative,6,D,Maggie Baker,0
Coos,Martin's Location,State Representative,6,R,Michael P. Murphy,2
Coos,Martin's Location,State Representative,6,,Undervotes,0
Coos,Martin's Location,State Representative,6,,Overvotes,0
Coos,Martin's Location,State Representative,6,,Write-Ins,0
Coos,Pinkham's Grant,State Representative,6,D,Maggie Baker,8
Coos,Pinkham's Grant,State Representative,6,R,Michael P. Murphy,0
Coos,Pinkham's Grant,State Representative,6,,Undervotes,2
Coos,Pinkham's Grant,State Representative,6,,Overvotes,0
Coos,Pinkham's Grant,State Representative,6,,Write-Ins,0
Coos,Randolph,State Representative,6,D,Maggie Baker,167
Coos,Randolph,State Representative,6,R,Michael P. Murphy,95
Coos,Randolph,State Representative,6,,Undervotes,14
Coos,Randolph,State Representative,6,,Overvotes,0
Coos,Randolph,State Representative,6,,Write-Ins,0
Coos,Sargent's Purchase,State Representative,6,D,Maggie Baker,0
Coos,Sargent's Purchase,State Representative,6,R,Michael P. Murphy,0
Coos,Sargent's Purchase,State Representative,6,,Undervotes,0
Coos,Sargent's Purchase,State Representative,6,,Overvotes,0
Coos,Sargent's Purchase,State Representative,6,,Write-Ins,0
Coos,Shelburne,State Representative,6,D,Maggie Baker,106
Coos,Shelburne,State Representative,6,R,Michael P. Murphy,171
Coos,Shelburne,State Representative,6,,Undervotes,12
Coos,Shelburne,State Representative,6,,Overvotes,0
Coos,Shelburne,State Representative,6,,Write-Ins,0
Coos,Success,State Representative,6,D,Maggie Baker,2
Coos,Success,State Representative,6,R,Michael P. Murphy,0
Coos,Success,State Representative,6,,Undervotes,0
Coos,Success,State Representative,6,,Overvotes,0
Coos,Success,State Representative,6,,Write-Ins,0
Coos,Thomp and Mes's Pur,State Representative,6,D,Maggie Baker,0
Coos,Thomp and Mes's Pur,State Representative,6,R,Michael P. Murphy,0
Coos,Thomp and Mes's Pur,State Representative,6,,Undervotes,0
Coos,Thomp and Mes's Pur,State Representative,6,,Overvotes,0
Coos,Thomp and Mes's Pur,State Representative,6,,Write-Ins,0
Coos,Berlin,State Representative,7F,D,Eamon Kelley,1947
Coos,Berlin,State Representative,7F,R,Lori Korzen,1961
Coos,Berlin,State Representative,7F,,Undervotes,151
Coos,Berlin,State Representative,7F,,Overvotes,3
Coos,Berlin,State Representative,7F,,Write-Ins,2
Coos,Carroll,State Representative,7F,D,Eamon Kelley,226
Coos,Carroll,State Representative,7F,R,Lori Korzen,297
Coos,Carroll,State Representative,7F,,Undervotes,28
Coos,Carroll,State Representative,7F,,Overvotes,0
Coos,Carroll,State Representative,7F,,Write-Ins,1
Coos,Jefferson,State Representative,7F,D,Eamon Kelley,243
Coos,Jefferson,State Representative,7F,R,Lori Korzen,413
Coos,Jefferson,State Representative,7F,,Undervotes,36
Coos,Jefferson,State Representative,7F,,Overvotes,0
Coos,Jefferson,State Representative,7F,,Write-Ins,0
Coos,Kilkenny,State Representative,7F,D,Eamon Kelley,0
Coos,Kilkenny,State Representative,7F,R,Lori Korzen,0
Coos,Kilkenny,State Representative,7F,,Undervotes,0
Coos,Kilkenny,State Representative,7F,,Overvotes,0
Coos,Kilkenny,State Representative,7F,,Write-Ins,0
Coos,Whitefield,State Representative,7F,D,Eamon Kelley,623
Coos,Whitefield,State Representative,7F,R,Lori Korzen,750
Coos,Whitefield,State Representative,7F,,Undervotes,105
Coos,Whitefield,State Representative,7F,,Overvotes,0
Coos,Whitefield,State Representative,7F,,Write-Ins,1
Grafton,Bath,State Representative,1,D,Timothy T. Egan,233
Grafton,Bath,State Representative,1,D,Linda Massimilla,246
Grafton,Bath,State Representative,1,D,Vern Masters,212
Grafton,Bath,State Representative,1,,Undervotes,293
Grafton,Bath,State Representative,1,,Overvotes,0
Grafton,Bath,State Representative,1,,Write-Ins,0
Grafton,Lisbon,State Representative,1,D,Timothy T. Egan,336
Grafton,Lisbon,State Representative,1,D,Linda Massimilla,354
Grafton,Lisbon,State Representative,1,D,Vern Masters,297
Grafton,Lisbon,State Representative,1,,Undervotes,376
Grafton,Lisbon,State Representative,1,,Overvotes,0
Grafton,Lisbon,State Representative,1,,Write-Ins,1
Grafton,Littleton,State Representative,1,D,Timothy T. Egan,1346
Grafton,Littleton,State Representative,1,D,Linda Massimilla,1512
Grafton,Littleton,State Representative,1,D,Vern Masters,1129
Grafton,Littleton,State Representative,1,,Undervotes,1188
Grafton,Littleton,State Representative,1,,Overvotes,0
Grafton,Littleton,State Representative,1,,Write-Ins,0
Grafton,Lyman,State Representative,1,D,Timothy T. Egan,144
Grafton,Lyman,State Representative,1,D,Linda Massimilla,159
Grafton,Lyman,State Representative,1,D,Vern Masters,125
Grafton,Lyman,State Representative,1,,Undervotes,175
Grafton,Lyman,State Representative,1,,Overvotes,0
Grafton,Lyman,State Representative,1,,Write-Ins,0
Grafton,Monroe,State Representative,1,D,Timothy T. Egan,201
Grafton,Monroe,State Representative,1,D,Linda Massimilla,211
Grafton,Monroe,State Representative,1,D,Vern Masters,182
Grafton,Monroe,State Representative,1,,Undervotes,0
Grafton,Monroe,State Representative,1,,Overvotes,0
Grafton,Monroe,State Representative,1,,Write-Ins,0
Grafton,Sugar Hill,State Representative,1,D,Timothy T. Egan,291
Grafton,Sugar Hill,State Representative,1,D,Linda Massimilla,273
Grafton,Sugar Hill,State Representative,1,D,Vern Masters,258
Grafton,Sugar Hill,State Representative,1,,Undervotes,159
Grafton,Sugar Hill,State Representative,1,,Overvotes,0
Grafton,Sugar Hill,State Representative,1,,Write-Ins,0
Grafton,Bath,State Representative,1,R,Joseph Barton,394
Grafton,Bath,State Representative,1,R,Calvin Beaulier,368
Grafton,Bath,State Representative,1,R,Darrell A. Louis,366
Grafton,Lisbon,State Representative,1,R,Joseph Barton,432
Grafton,Lisbon,State Representative,1,R,Calvin Beaulier,389
Grafton,Lisbon,State Representative,1,R,Darrell A. Louis,410
Grafton,Littleton,State Representative,1,R,Joseph Barton,1526
Grafton,Littleton,State Representative,1,R,Calvin Beaulier,1498
Grafton,Littleton,State Representative,1,R,Darrell A. Louis,1802
Grafton,Lyman,State Representative,1,R,Joseph Barton,200
Grafton,Lyman,State Representative,1,R,Calvin Beaulier,180
Grafton,Lyman,State Representative,1,R,Darrell A. Louis,193
Grafton,Monroe,State Representative,1,R,Joseph Barton,323
Grafton,Monroe,State Representative,1,R,Calvin Beaulier,304
Grafton,Monroe,State Representative,1,R,Darrell A. Louis,305
Grafton,Sugar Hill,State Representative,1,R,Joseph Barton,164
Grafton,Sugar Hill,State Representative,1,R,Calvin Beaulier,172
Grafton,Sugar Hill,State Representative,1,R,Darrell A. Louis,162
Grafton,Bethlehem,State Representative,2,D,Jared Sullivan,1002
Grafton,Bethlehem,State Representative,2,R,Eddie Qi,583
Grafton,Bethlehem,State Representative,2,,Undervotes,72
Grafton,Bethlehem,State Representative,2,,Overvotes,0
Grafton,Bethlehem,State Representative,2,,Write-Ins,3
Grafton,Franconia,State Representative,2,D,Jared Sullivan,527
Grafton,Franconia,State Representative,2,R,Eddie Qi,266
Grafton,Franconia,State Representative,2,,Undervotes,46
Grafton,Franconia,State Representative,2,,Overvotes,0
Grafton,Franconia,State Representative,2,,Write-Ins,0
Grafton,Easton,State Representative,3,D,Jerry M. Stringham,156
Grafton,Easton,State Representative,3,R,Paul H. Schirduan,80
Grafton,Easton,State Representative,3,,Undervotes,7
Grafton,Easton,State Representative,3,,Overvotes,0
Grafton,Easton,State Representative,3,,Write-Ins,0
Grafton,Lincoln,State Representative,3,D,Jerry M. Stringham,501
Grafton,Lincoln,State Representative,3,R,Paul H. Schirduan,399
Grafton,Lincoln,State Representative,3,,Undervotes,44
Grafton,Lincoln,State Representative,3,,Overvotes,2
Grafton,Lincoln,State Representative,3,,Write-Ins,1
Grafton,Livermore,State Representative,3,D,Jerry M. Stringham,0
Grafton,Livermore,State Representative,3,R,Paul H. Schirduan,0
Grafton,Livermore,State Representative,3,,Undervotes,0
Grafton,Livermore,State Representative,3,,Overvotes,0
Grafton,Livermore,State Representative,3,,Write-Ins,0
Grafton,Woodstock,State Representative,3,D,Jerry M. Stringham,489
Grafton,Woodstock,State Representative,3,R,Paul H. Schirduan,342
Grafton,Woodstock,State Representative,3,,Undervotes,28
Grafton,Woodstock,State Representative,3,,Overvotes,0
Grafton,Woodstock,State Representative,3,,Write-Ins,3
Grafton,Ellsworth,State Representative,4,D,Heather P. Baldwin,35
Grafton,Ellsworth,State Representative,4,R,Steven Babin,37
Grafton,Ellsworth,State Representative,4,,Undervotes,2
Grafton,Ellsworth,State Representative,4,,Overvotes,0
Grafton,Ellsworth,State Representative,4,,Write-Ins,0
Grafton,Thornton,State Representative,4,D,Heather P. Baldwin,954
Grafton,Thornton,State Representative,4,R,Steven Babin,830
Grafton,Thornton,State Representative,4,,Undervotes,60
Grafton,Thornton,State Representative,4,,Overvotes,0
Grafton,Thornton,State Representative,4,,Write-Ins,1
Grafton,Waterville Valley,State Representative,4,D,Heather P. Baldwin,222
Grafton,Waterville Valley,State Representative,4,R,Steven Babin,179
Grafton,Waterville Valley,State Representative,4,,Undervotes,28
Grafton,Waterville Valley,State Representative,4,,Overvotes,0
Grafton,Waterville Valley,State Representative,4,,Write-Ins,0
Grafton,Benton,State Representative,5,D,Rachael E. Booth,65
Grafton,Benton,State Representative,5,D,Dustin Vigneault,54
Grafton,Benton,State Representative,5,R,Marie L. Bjelobrk,147
Grafton,Benton,State Representative,5,R,Rick Ladd,113
Grafton,Benton,State Representative,5,,Undervotes,91
Grafton,Benton,State Representative,5,,Overvotes,0
Grafton,Benton,State Representative,5,,Write-Ins,0
Grafton,Haverhill,State Representative,5,D,Rachael E. Booth,838
Grafton,Haverhill,State Representative,5,D,Dustin Vigneault,743
Grafton,Haverhill,State Representative,5,R,Marie L. Bjelobrk,1286
Grafton,Haverhill,State Representative,5,R,Rick Ladd,1395
Grafton,Haverhill,State Representative,5,,Undervotes,608
Grafton,Haverhill,State Representative,5,,Overvotes,2
Grafton,Haverhill,State Representative,5,,Write-Ins,24
Grafton,Landaff,State Representative,5,D,Rachael E. Booth,130
Grafton,Landaff,State Representative,5,D,Dustin Vigneault,108
Grafton,Landaff,State Representative,5,R,Marie L. Bjelobrk,140
Grafton,Landaff,State Representative,5,R,Rick Ladd,149
Grafton,Landaff,State Representative,5,,Undervotes,73
Grafton,Landaff,State Representative,5,,Overvotes,0
Grafton,Landaff,State Representative,5,,Write-Ins,0
Grafton,Piermont,State Representative,5,D,Rachael E. Booth,197
Grafton,Piermont,State Representative,5,D,Dustin Vigneault,182
Grafton,Piermont,State Representative,5,R,Marie L. Bjelobrk,221
Grafton,Piermont,State Representative,5,R,Rick Ladd,221
Grafton,Piermont,State Representative,5,,Undervotes,137
Grafton,Piermont,State Representative,5,,Overvotes,0
Grafton,Piermont,State Representative,5,,Write-Ins,1
Grafton,Warren,State Representative,5,D,Rachael E. Booth,145
Grafton,Warren,State Representative,5,D,Dustin Vigneault,130
Grafton,Warren,State Representative,5,R,Marie L. Bjelobrk,294
Grafton,Warren,State Representative,5,R,Rick Ladd,248
Grafton,Warren,State Representative,5,,Undervotes,211
Grafton,Warren,State Representative,5,,Overvotes,0
Grafton,Warren,State Representative,5,,Write-Ins,0
Grafton,Orford,State Representative,6,D,Jolene T. Farmer,490
Grafton,Orford,State Representative,6,R,Linda Franz,346
Grafton,Orford,State Representative,6,,Undervotes,35
Grafton,Orford,State Representative,6,,Overvotes,0
Grafton,Orford,State Representative,6,,Write-Ins,1
Grafton,Rumney,State Representative,6,D,Jolene T. Farmer,400
Grafton,Rumney,State Representative,6,R,Linda Franz,584
Grafton,Rumney,State Representative,6,,Undervotes,46
Grafton,Rumney,State Representative,6,,Overvotes,8
Grafton,Rumney,State Representative,6,,Write-Ins,1
Grafton,Wentworth,State Representative,6,D,Jolene T. Farmer,209
Grafton,Wentworth,State Representative,6,R,Linda Franz,396
Grafton,Wentworth,State Representative,6,,Undervotes,0
Grafton,Wentworth,State Representative,6,,Overvotes,0
Grafton,Wentworth,State Representative,6,,Write-Ins,1
Grafton,Campton,State Representative,7,D,Janet Marie Lucas,1056
Grafton,Campton,State Representative,7,R,Jon A. Gablinske,1028
Grafton,Campton,State Representative,7,,Undervotes,89
Grafton,Campton,State Representative,7,,Overvotes,0
Grafton,Campton,State Representative,7,,Write-Ins,1
Grafton,Ashland,State Representative,8,D,Bill Bolton,496
Grafton,Ashland,State Representative,8,D,Sallie Fellows,554
Grafton,Ashland,State Representative,8,D,Peter Lovett,555
Grafton,Ashland,State Representative,8,R,Timothy F. Sweetsir,660
Grafton,Ashland,State Representative,8,,Undervotes,1499
Grafton,Ashland,State Representative,8,,Overvotes,0
Grafton,Ashland,State Representative,8,,Write-Ins,3
Grafton,Holderness,State Representative,8,D,Bill Bolton,770
Grafton,Holderness,State Representative,8,D,Sallie Fellows,797
Grafton,Holderness,State Representative,8,D,Peter Lovett,843
Grafton,Holderness,State Representative,8,R,Timothy F. Sweetsir,613
Grafton,Holderness,State Representative,8,,Undervotes,1443
Grafton,Holderness,State Representative,8,,Overvotes,0
Grafton,Holderness,State Representative,8,,Write-Ins,10
Grafton,Plymouth,State Representative,8,D,Bill Bolton,1813
Grafton,Plymouth,State Representative,8,D,Sallie Fellows,1853
Grafton,Plymouth,State Representative,8,D,Peter Lovett,1767
Grafton,Plymouth,State Representative,8,R,Timothy F. Sweetsir,1412
Grafton,Plymouth,State Representative,8,,Undervotes,3546
Grafton,Plymouth,State Representative,8,,Overvotes,0
Grafton,Plymouth,State Representative,8,,Write-Ins,30
Grafton,Canaan,State Representative,9,D,Thomas Oppel,1128
Grafton,Canaan,State Representative,9,R,Kevin M. Howard,981
Grafton,Canaan,State Representative,9,,Undervotes,88
Grafton,Canaan,State Representative,9,,Overvotes,1
Grafton,Canaan,State Representative,9,,Write-Ins,0
Grafton,Dorchester,State Representative,9,D,Thomas Oppel,93
Grafton,Dorchester,State Representative,9,R,Kevin M. Howard,145
Grafton,Dorchester,State Representative,9,,Undervotes,10
Grafton,Dorchester,State Representative,9,,Overvotes,0
Grafton,Dorchester,State Representative,9,,Write-Ins,0
Grafton,Orange,State Representative,9,D,Thomas Oppel,84
Grafton,Orange,State Representative,9,R,Kevin M. Howard,107
Grafton,Orange,State Representative,9,,Undervotes,12
Grafton,Orange,State Representative,9,,Overvotes,0
Grafton,Orange,State Representative,9,,Write-Ins,0
Grafton,Bridgewater,State Representative,10,D,Richard A. Lobban Jr.,375
Grafton,Bridgewater,State Representative,10,R,John Sellers,462
Grafton,Bridgewater,State Representative,10,,Undervotes,40
Grafton,Bridgewater,State Representative,10,,Overvotes,0
Grafton,Bridgewater,State Representative,10,,Write-Ins,3
Grafton,Bristol,State Representative,10,D,Richard A. Lobban Jr.,909
Grafton,Bristol,State Representative,10,R,John Sellers,1028
Grafton,Bristol,State Representative,10,,Undervotes,122
Grafton,Bristol,State Representative,10,,Overvotes,0
Grafton,Bristol,State Representative,10,,Write-Ins,1
Grafton,Alexandria,State Representative,11,R,Lex Berezhny,722
Grafton,Alexandria,State Representative,11,,Undervotes,403
Grafton,Alexandria,State Representative,11,,Overvotes,2
Grafton,Alexandria,State Representative,11,,Write-Ins,5
Grafton,Grafton,State Representative,11,R,Lex Berezhny,523
Grafton,Grafton,State Representative,11,,Undervotes,260
Grafton,Grafton,State Representative,11,,Overvotes,0
Grafton,Grafton,State Representative,11,,Write-Ins,13
Grafton,Groton,State Representative,11,R,Lex Berezhny,252
Grafton,Groton,State Representative,11,,Undervotes,135
Grafton,Groton,State Representative,11,,Overvotes,0
Grafton,Groton,State Representative,11,,Write-Ins,4
Grafton,Hebron,State Representative,11,R,Lex Berezhny,329
Grafton,Hebron,State Representative,11,,Undervotes,231
Grafton,Hebron,State Representative,11,,Overvotes,0
Grafton,Hebron,State Representative,11,,Write-Ins,3
Grafton,Hanover,State Representative,12,D,Mary Hakken-Phillips,5334
Grafton,Hanover,State Representative,12,D,Russell Muirhead,5380
Grafton,Hanover,State Representative,12,D,Ellen Rockmore,5342
Grafton,Hanover,State Representative,12,D,Terry Spahr,5214
Grafton,Hanover,State Representative,12,,Undervotes,7485
Grafton,Hanover,State Representative,12,,Overvotes,0
Grafton,Hanover,State Representative,12,,Write-Ins,19
Grafton,Lyme,State Representative,12,D,Mary Hakken-Phillips,981
Grafton,Lyme,State Representative,12,D,Russell Muirhead,971
Grafton,Lyme,State Representative,12,D,Ellen Rockmore,963
Grafton,Lyme,State Representative,12,D,Terry Spahr,960
Grafton,Lyme,State Representative,12,,Undervotes,1121
Grafton,Lyme,State Representative,12,,Overvotes,0
Grafton,Lyme,State Representative,12,,Write-Ins,0
Grafton,Lebanon Ward 1,State Representative,13,D,Laurel Stavis,1982
Grafton,Lebanon Ward 1,State Representative,13,,Undervotes,557
Grafton,Lebanon Ward 1,State Representative,13,,Overvotes,0
Grafton,Lebanon Ward 1,State Representative,13,,Write-Ins,17
Grafton,Lebanon Ward 2,State Representative,14,D,George Sykes,2216
Grafton,Lebanon Ward 2,State Representative,14,,Undervotes,9
Grafton,Lebanon Ward 2,State Representative,14,,Overvotes,0
Grafton,Lebanon Ward 2,State Representative,14,,Write-Ins,7
Grafton,Lebanon Ward 3,State Representative,15,D,Thomas Cormen,2170
Grafton,Lebanon Ward 3,State Representative,15,,Undervotes,594
Grafton,Lebanon Ward 3,State Representative,15,,Overvotes,0
Grafton,Lebanon Ward 3,State Representative,15,,Write-Ins,6
Grafton,Enfield,State Representative,16F,D,David Fracht,1867
Grafton,Enfield,State Representative,16F,,Undervotes,852
Grafton,Enfield,State Representative,16F,,Overvotes,0
Grafton,Enfield,State Representative,16F,,Write-Ins,25
Grafton,Lebanon Ward 1,State Representative,17F,D,Susan Almy,1998
Grafton,Lebanon Ward 1,State Representative,17F,,Undervotes,542
Grafton,Lebanon Ward 1,State Representative,17F,,Overvotes,0
Grafton,Lebanon Ward 1,State Representative,17F,,Write-Ins,12
Grafton,Lebanon Ward 2,State Representative,17F,D,Susan Almy,2211
Grafton,Lebanon Ward 2,State Representative,17F,,Undervotes,10
Grafton,Lebanon Ward 2,State Representative,17F,,Overvotes,0
Grafton,Lebanon Ward 2,State Representative,17F,,Write-Ins,21
Grafton,Lebanon Ward 3,State Representative,17F,D,Susan Almy,2167
Grafton,Lebanon Ward 3,State Representative,17F,,Undervotes,599
Grafton,Lebanon Ward 3,State Representative,17F,,Overvotes,0
Grafton,Lebanon Ward 3,State Representative,17F,,Write-Ins,3
Grafton,Alexandria,State Representative,18F,D,Carolyn Fluehr-Lobban,398
Grafton,Alexandria,State Representative,18F,R,Donald McFarlane,656
Grafton,Alexandria,State Representative,18F,,Undervotes,75
Grafton,Alexandria,State Representative,18F,,Overvotes,3
Grafton,Alexandria,State Representative,18F,,Write-Ins,0
Grafton,Bridgewater,State Representative,18F,D,Carolyn Fluehr-Lobban,360
Grafton,Bridgewater,State Representative,18F,R,Donald McFarlane,472
Grafton,Bridgewater,State Representative,18F,,Undervotes,47
Grafton,Bridgewater,State Representative,18F,,Overvotes,0
Grafton,Bridgewater,State Representative,18F,,Write-Ins,2
Grafton,Bristol,State Representative,18F,D,Carolyn Fluehr-Lobban,880
Grafton,Bristol,State Representative,18F,R,Donald McFarlane,1066
Grafton,Bristol,State Representative,18F,,Undervotes,114
Grafton,Bristol,State Representative,18F,,Overvotes,0
Grafton,Bristol,State Representative,18F,,Write-Ins,0
Grafton,Canaan,State Representative,18F,D,Carolyn Fluehr-Lobban,1081
Grafton,Canaan,State Representative,18F,R,Donald McFarlane,1014
Grafton,Canaan,State Representative,18F,,Undervotes,101
Grafton,Canaan,State Representative,18F,,Overvotes,1
Grafton,Canaan,State Representative,18F,,Write-Ins,0
Grafton,Dorchester,State Representative,18F,D,Carolyn Fluehr-Lobban,87
Grafton,Dorchester,State Representative,18F,R,Donald McFarlane,149
Grafton,Dorchester,State Representative,18F,,Undervotes,12
Grafton,Dorchester,State Representative,18F,,Overvotes,0
Grafton,Dorchester,State Representative,18F,,Write-Ins,0
Grafton,Enfield,State Representative,18F,D,Carolyn Fluehr-Lobban,1557
Grafton,Enfield,State Representative,18F,R,Donald McFarlane,1058
Grafton,Enfield,State Representative,18F,,Undervotes,132
Grafton,Enfield,State Representative,18F,,Overvotes,0
Grafton,Enfield,State Representative,18F,,Write-Ins,1
Grafton,Grafton,State Representative,18F,D,Carolyn Fluehr-Lobban,281
Grafton,Grafton,State Representative,18F,R,Donald McFarlane,471
Grafton,Grafton,State Representative,18F,,Undervotes,43
Grafton,Grafton,State Representative,18F,,Overvotes,0
Grafton,Grafton,State Representative,18F,,Write-Ins,1
Grafton,Groton,State Representative,18F,D,Carolyn Fluehr-Lobban,120
Grafton,Groton,State Representative,18F,R,Donald McFarlane,233
Grafton,Groton,State Representative,18F,,Undervotes,38
Grafton,Groton,State Representative,18F,,Overvotes,0
Grafton,Groton,State Representative,18F,,Write-Ins,0
Grafton,Hebron,State Representative,18F,D,Carolyn Fluehr-Lobban,222
Grafton,Hebron,State Representative,18F,R,Donald McFarlane,307
Grafton,Hebron,State Representative,18F,,Undervotes,34
Grafton,Hebron,State Representative,18F,,Overvotes,0
Grafton,Hebron,State Representative,18F,,Write-Ins,0
Grafton,Orange,State Representative,18F,D,Carolyn Fluehr-Lobban,83
Grafton,Orange,State Representative,18F,R,Donald McFarlane,107
Grafton,Orange,State Representative,18F,,Undervotes,13
Grafton,Orange,State Representative,18F,,Overvotes,0
Grafton,Orange,State Representative,18F,,Write-Ins,0
Hillsborough,Pelham,State Representative,1,D,Ann Balcom-Dadak,2772
Hillsborough,Pelham,State Representative,1,D,Lisa Brown,3059
Hillsborough,Pelham,State Representative,1,D,Paul L. Dadak,2701
Hillsborough,Pelham,State Representative,1,D,B.J. Murphy,2814
Hillsborough,Pelham,State Representative,1,,Undervotes,4879
Hillsborough,Pelham,State Representative,1,,Write-Ins,13
Hillsborough,Pelham,State Representative,1,R,Tim Mannion,5157
Hillsborough,Pelham,State Representative,1,R,Tom Mannion,5052
Hillsborough,Pelham,State Representative,1,R,Sandra Panek,5250
Hillsborough,Pelham,State Representative,1,R,Jeffrey Tenczar,5308
Hillsborough,Bedford,State Representative,2,D,Kevin Boyarsky,5993
Hillsborough,Bedford,State Representative,2,D,John Fitzgerald,6118
Hillsborough,Bedford,State Representative,2,D,Loren Foxx,6575
Hillsborough,Bedford,State Representative,2,D,Jeff Kerr,5976
Hillsborough,Bedford,State Representative,2,D,Shana Potvin,5968
Hillsborough,Bedford,State Representative,2,D,Catherine A. Rombeau,6602
Hillsborough,Bedford,State Representative,2,D,Matthew Sullivan,6089
Hillsborough,Bedford,State Representative,2,,Undervotes,12392
Hillsborough,Bedford,State Representative,2,,Overvotes,4
Hillsborough,Bedford,State Representative,2,,Write-Ins,32
Hillsborough,Bedford,State Representative,2,R,Danielle Evansic,6443
Hillsborough,Bedford,State Representative,2,R,Ted Gorski,6894
Hillsborough,Bedford,State Representative,2,R,Linda Gould,6955
Hillsborough,Bedford,State Representative,2,R,Peter Kujawski,6495
Hillsborough,Bedford,State Representative,2,R,Brian Labrie,6888
Hillsborough,Bedford,State Representative,2,R,Kristin Noble,6929
Hillsborough,Bedford,State Representative,2,R,John Schneller,6546
Hillsborough,Nashua Ward 4,State Representative,3,D,Paige Beauchemin,1597
Hillsborough,Nashua Ward 4,State Representative,3,D,Fred Davis,1419
Hillsborough,Nashua Ward 4,State Representative,3,D,Marc W. Plamondon,1389
Hillsborough,Nashua Ward 4,State Representative,3,R,Joost J.G. Baumeister,943
Hillsborough,Nashua Ward 4,State Representative,3,R,David M. Narkunas,1050
Hillsborough,Nashua Ward 4,State Representative,3,,Undervotes,2734
Hillsborough,Nashua Ward 4,State Representative,3,,Overvotes,0
Hillsborough,Nashua Ward 4,State Representative,3,,Write-Ins,8
Hillsborough,Nashua Ward 2,State Representative,4,D,Ray Newman,2767
Hillsborough,Nashua Ward 2,State Representative,4,D,Sue Newman,2857
Hillsborough,Nashua Ward 2,State Representative,4,D,Linda V. Ryan,2853
Hillsborough,Nashua Ward 2,State Representative,4,R,Michael McCarthy,2690
Hillsborough,Nashua Ward 2,State Representative,4,,Undervotes,5887
Hillsborough,Nashua Ward 2,State Representative,4,,Overvotes,1
Hillsborough,Nashua Ward 2,State Representative,4,,Write-Ins,31
Hillsborough,Nashua Ward 1,State Representative,5,D,Susan A. Elberger,2929
Hillsborough,Nashua Ward 1,State Representative,5,D,Heather Raymond,2964
Hillsborough,Nashua Ward 1,State Representative,5,D,Dale Swanson,2795
Hillsborough,Nashua Ward 1,State Representative,5,R,Joseph Capriotti,2506
Hillsborough,Nashua Ward 1,State Representative,5,R,Allison Dyer,2510
Hillsborough,Nashua Ward 1,State Representative,5,R,Sean Rogers,2535
Hillsborough,Nashua Ward 1,State Representative,5,,Undervotes,2195
Hillsborough,Nashua Ward 1,State Representative,5,,Overvotes,0
Hillsborough,Nashua Ward 1,State Representative,5,,Write-Ins,9
Hillsborough,Nashua Ward 3,State Representative,6,D,Lee Ann Kluger,2322
Hillsborough,Nashua Ward 3,State Representative,6,D,Carry Spier,2195
Hillsborough,Nashua Ward 3,State Representative,6,D,Suzanne Vail,2251
Hillsborough,Nashua Ward 3,State Representative,6,R,Paul R. Berube,1923
Hillsborough,Nashua Ward 3,State Representative,6,R,Doris Hohensee,1634
Hillsborough,Nashua Ward 3,State Representative,6,R,Daniel Richardson,1687
Hillsborough,Nashua Ward 3,State Representative,6,,Undervotes,1945
Hillsborough,Nashua Ward 3,State Representative,6,,Overvotes,0
Hillsborough,Nashua Ward 3,State Representative,6,,Write-Ins,4
Hillsborough,Nashua Ward 7,State Representative,7,D,Alicia Gregg,2123
Hillsborough,Nashua Ward 7,State Representative,7,D,Louis C. Juris,1833
Hillsborough,Nashua Ward 7,State Representative,7,D,Catherine M. Sofikitis,1814
Hillsborough,Nashua Ward 7,State Representative,7,R,Dee Hogan,1585
Hillsborough,Nashua Ward 7,State Representative,7,R,Avalon Lewis,1685
Hillsborough,Nashua Ward 7,State Representative,7,,Undervotes,3556
Hillsborough,Nashua Ward 7,State Representative,7,,Overvotes,0
Hillsborough,Nashua Ward 7,State Representative,7,,Write-Ins,41
Hillsborough,Nashua Ward 6,State Representative,8,D,Efstathia Booras,1935
Hillsborough,Nashua Ward 6,State Representative,8,D,Christal Lloyd,2047
Hillsborough,Nashua Ward 6,State Representative,8,D,Frances E. Nutter-Upham,1798
Hillsborough,Nashua Ward 6,State Representative,8,R,Kevin Scully,2082
Hillsborough,Nashua Ward 6,State Representative,8,,Undervotes,5376
Hillsborough,Nashua Ward 6,State Representative,8,,Overvotes,0
Hillsborough,Nashua Ward 6,State Representative,8,,Write-Ins,17
Hillsborough,Nashua Ward 5,State Representative,9,D,William Dolan,3201
Hillsborough,Nashua Ward 5,State Representative,9,D,Sanjeev K. Manohar,2940
Hillsborough,Nashua Ward 5,State Representative,9,D,Santosh Salvi,3106
Hillsborough,Nashua Ward 5,State Representative,9,,Undervotes,4642
Hillsborough,Nashua Ward 5,State Representative,9,,Overvotes,0
Hillsborough,Nashua Ward 5,State Representative,9,,Write-Ins,16
Hillsborough,Nashua Ward 9,State Representative,10,D,Linda Harriott-Gathright,2788
Hillsborough,Nashua Ward 9,State Representative,10,D,Marty Jack,2746
Hillsborough,Nashua Ward 9,State Representative,10,D,Melbourne Moran Jr.,2414
Hillsborough,Nashua Ward 9,State Representative,10,R,Dana Albrecht,2206
Hillsborough,Nashua Ward 9,State Representative,10,R,John Cawthron,2095
Hillsborough,Nashua Ward 9,State Representative,10,R,Bill Ohm,2563
Hillsborough,Nashua Ward 9,State Representative,10,,Undervotes,2400
Hillsborough,Nashua Ward 9,State Representative,10,,Overvotes,0
Hillsborough,Nashua Ward 9,State Representative,10,,Write-Ins,7
Hillsborough,Nashua Ward 8,State Representative,11,D,Manoj Chourasia,2368
Hillsborough,Nashua Ward 8,State Representative,11,D,Will Darby,2417
Hillsborough,Nashua Ward 8,State Representative,11,D,Laura Telerski,2586
Hillsborough,Nashua Ward 8,State Representative,11,R,Kristie Hart,1856
Hillsborough,Nashua Ward 8,State Representative,11,R,Peter Silva,1839
Hillsborough,Nashua Ward 8,State Representative,11,R,Robert J. Sullivan,1779
Hillsborough,Nashua Ward 8,State Representative,11,,Undervotes,1735
Hillsborough,Nashua Ward 8,State Representative,11,,Overvotes,0
Hillsborough,Nashua Ward 8,State Representative,11,,Write-Ins,4
Hillsborough,Merrimack,State Representative,12,D,Rebecca Boutin,6977
Hillsborough,Merrimack,State Representative,12,D,George R. Dieter,6454
Hillsborough,Merrimack,State Representative,12,D,James Flis,6447
Hillsborough,Merrimack,State Representative,12,D,Nancy A. Murphy,7999
Hillsborough,Merrimack,State Representative,12,D,Marc Nozell,6769
Hillsborough,Merrimack,State Representative,12,D,Rosemarie Rung,7945
Hillsborough,Merrimack,State Representative,12,,Undervotes,22858
Hillsborough,Merrimack,State Representative,12,,Overvotes,9
Hillsborough,Merrimack,State Representative,12,D,Kathryn Stack,7070
Hillsborough,Merrimack,State Representative,12,D,Wendy E.N Thomas,7479
Hillsborough,Merrimack,State Representative,12,R,Bill Boyd,7949
Hillsborough,Merrimack,State Representative,12,R,Tracy Coyer,7056
Hillsborough,Merrimack,State Representative,12,R,John Frechette,7384
Hillsborough,Merrimack,State Representative,12,R,Julie Miles,8096
Hillsborough,Merrimack,State Representative,12,R,Maureen Mooney,8483
Hillsborough,Merrimack,State Representative,12,R,Jeanine Notter,7881
Hillsborough,Merrimack,State Representative,12,R,Adam Presa,7918
Hillsborough,Merrimack,State Representative,12,R,Rebekah Woodman,7240
Hillsborough,Hudson,State Representative,13,D,Ryan Burke,5387
Hillsborough,Hudson,State Representative,13,D,John Knowles,5405
Hillsborough,Hudson,State Representative,13,D,Alejandro Urrutia,5033
Hillsborough,Hudson,State Representative,13,D,Timothy Wyatt,5363
Hillsborough,Hudson,State Representative,13,,Undervotes,24794
Hillsborough,Hudson,State Representative,13,,Overvotes,1
Hillsborough,Hudson,State Representative,13,,Write-Ins,66
Hillsborough,Hudson,State Representative,13,R,Dillon Dumont,7519
Hillsborough,Hudson,State Representative,13,R,Cathy Kenny,7718
Hillsborough,Hudson,State Representative,13,R,Andrew Prout,7002
Hillsborough,Hudson,State Representative,13,R,Jeremy Slottje,6345
Hillsborough,Hudson,State Representative,13,R,Jordan G. Ulery,6996
Hillsborough,Hudson,State Representative,13,R,Robert Wherry,6573
Hillsborough,Litchfield,State Representative,14,D,Michael Aniskovich,1920
Hillsborough,Litchfield,State Representative,14,D,Mahendra Bakshi,1525
Hillsborough,Litchfield,State Representative,14,R,Richard W. Lascelles,3111
Hillsborough,Litchfield,State Representative,14,R,Raymond C. Peeples Jr.,3060
Hillsborough,Litchfield,State Representative,14,,Undervotes,1433
Hillsborough,Litchfield,State Representative,14,,Overvotes,0
Hillsborough,Litchfield,State Representative,14,,Write-Ins,4
Hillsborough,Manchester Ward 8,State Representative,15,D,Thomas Katsiantonis,2092
Hillsborough,Manchester Ward 8,State Representative,15,D,Lara Quiroga,2057
Hillsborough,Manchester Ward 8,State Representative,15,R,Mark McLean,2656
Hillsborough,Manchester Ward 8,State Representative,15,R,Mark Proulx,2605
Hillsborough,Manchester Ward 8,State Representative,15,,Undervotes,1567
Hillsborough,Manchester Ward 8,State Representative,15,,Overvotes,0
Hillsborough,Manchester Ward 8,State Representative,15,,Write-Ins,2
Hillsborough,Manchester Ward 6,State Representative,16,D,Dan Bergeron,2520
Hillsborough,Manchester Ward 6,State Representative,16,R,Larry G. Gagne,2530
Hillsborough,Manchester Ward 6,State Representative,16,R,William Infantine,2387
Hillsborough,Manchester Ward 6,State Representative,16,,Undervotes,3218
Hillsborough,Manchester Ward 6,State Representative,16,,Overvotes,0
Hillsborough,Manchester Ward 6,State Representative,16,,Write-Ins,12
Hillsborough,Manchester Ward 2,State Representative,17,D,Linda DiSilvestro,2733
Hillsborough,Manchester Ward 2,State Representative,17,D,David J. Preece,2368
Hillsborough,Manchester Ward 2,State Representative,17,R,Ben Prescott,2330
Hillsborough,Manchester Ward 2,State Representative,17,,Undervotes,3050
Hillsborough,Manchester Ward 2,State Representative,17,,Overvotes,2
Hillsborough,Manchester Ward 2,State Representative,17,,Write-Ins,15
Hillsborough,Manchester Ward 12,State Representative,18,D,Jessica Grill,2295
Hillsborough,Manchester Ward 12,State Representative,18,D,Julie Smith,2041
Hillsborough,Manchester Ward 12,State Representative,18,R,Juliet Belle DiPietro,1934
Hillsborough,Manchester Ward 12,State Representative,18,R,Steven Kesselring,2048
Hillsborough,Manchester Ward 12,State Representative,18,,Undervotes,898
Hillsborough,Manchester Ward 12,State Representative,18,,Overvotes,0
Hillsborough,Manchester Ward 12,State Representative,18,,Write-Ins,2
Hillsborough,Manchester Ward 10,State Representative,19,D,Suzanne L. Chretien,1986
Hillsborough,Manchester Ward 10,State Representative,19,D,Samuel Petali,1590
Hillsborough,Manchester Ward 10,State Representative,19,R,Matt Drew,2134
Hillsborough,Manchester Ward 10,State Representative,19,,Undervotes,2827
Hillsborough,Manchester Ward 10,State Representative,19,,Overvotes,0
Hillsborough,Manchester Ward 10,State Representative,19,,Write-Ins,23
Hillsborough,Manchester Ward 9,State Representative,20,D,Alissandra Murray,1905
Hillsborough,Manchester Ward 9,State Representative,20,D,Joshua Query,1680
Hillsborough,Manchester Ward 9,State Representative,20,R,Pierre Dupont,1889
Hillsborough,Manchester Ward 9,State Representative,20,R,Jose R. Marte,1639
Hillsborough,Manchester Ward 9,State Representative,20,,Undervotes,1263
Hillsborough,Manchester Ward 9,State Representative,20,,Overvotes,0
Hillsborough,Manchester Ward 9,State Representative,20,,Write-Ins,9
Hillsborough,Manchester Ward 1,State Representative,21,D,Christine Seibert,3113
Hillsborough,Manchester Ward 1,State Representative,21,D,Matthew B. Wilhelm,2648
Hillsborough,Manchester Ward 1,State Representative,21,R,Andrew Fromuth,2439
Hillsborough,Manchester Ward 1,State Representative,21,,Undervotes,3167
Hillsborough,Manchester Ward 1,State Representative,21,,Overvotes,0
Hillsborough,Manchester Ward 1,State Representative,21,,Write-Ins,10
Hillsborough,Manchester Ward 11,State Representative,22,D,Patricia Cornell,1720
Hillsborough,Manchester Ward 11,State Representative,22,D,Nicole Leapley,1614
Hillsborough,Manchester Ward 11,State Representative,22,R,Karl Beisel,1401
Hillsborough,Manchester Ward 11,State Representative,22,R,Bill Gabler,1550
Hillsborough,Manchester Ward 11,State Representative,22,,Undervotes,1060
Hillsborough,Manchester Ward 11,State Representative,22,,Overvotes,0
Hillsborough,Manchester Ward 11,State Representative,22,,Write-Ins,2
Hillsborough,Manchester Ward 3,State Representative,23,D,MaryNgwanda Georges,1763
Hillsborough,Manchester Ward 3,State Representative,23,D,Jean Jeudy,1699
Hillsborough,Manchester Ward 3,State Representative,23,R,Tim Peters,1385
Hillsborough,Manchester Ward 3,State Representative,23,,Undervotes,2029
Hillsborough,Manchester Ward 3,State Representative,23,,Overvotes,2
Hillsborough,Manchester Ward 3,State Representative,23,,Write-Ins,2
Hillsborough,Manchester Ward 4,State Representative,24,D,Donald J. Bouchard,1662
Hillsborough,Manchester Ward 4,State Representative,24,D,Chris Herbert,1763
Hillsborough,Manchester Ward 4,State Representative,24,R,Dennis M. Demars,1621
Hillsborough,Manchester Ward 4,State Representative,24,,Undervotes,2313
Hillsborough,Manchester Ward 4,State Representative,24,,Overvotes,4
Hillsborough,Manchester Ward 4,State Representative,24,,Write-Ins,14
Hillsborough,Manchester Ward 5,State Representative,25,D,Hyacinth J. Landry,1143
Hillsborough,Manchester Ward 5,State Representative,25,D,Kathy Staub,1252
Hillsborough,Manchester Ward 5,State Representative,25,R,Kathleen Paquette,1333
Hillsborough,Manchester Ward 5,State Representative,25,,Undervotes,1926
Hillsborough,Manchester Ward 5,State Representative,25,,Overvotes,1
Hillsborough,Manchester Ward 5,State Representative,25,,Write-Ins,4
Hillsborough,Manchester Ward 7,State Representative,26,D,Patrick N. Long,1843
Hillsborough,Manchester Ward 7,State Representative,26,D,Michael Reuschel,1492
Hillsborough,Manchester Ward 7,State Representative,26,R,Brian D. Cole,1882
Hillsborough,Manchester Ward 7,State Representative,26,,Undervotes,2537
Hillsborough,Manchester Ward 7,State Representative,26,,Overvotes,0
Hillsborough,Manchester Ward 7,State Representative,26,,Write-Ins,6
Hillsborough,Deering,State Representative,27,D,Susan Kane,378
Hillsborough,Deering,State Representative,27,R,Mary Murphy,708
Hillsborough,Deering,State Representative,27,,Undervotes,75
Hillsborough,Deering,State Representative,27,,Overvotes,0
Hillsborough,Deering,State Representative,27,,Write-Ins,0
Hillsborough,Francestown,State Representative,27,D,Susan Kane,534
Hillsborough,Francestown,State Representative,27,R,Mary Murphy,628
Hillsborough,Francestown,State Representative,27,,Undervotes,44
Hillsborough,Francestown,State Representative,27,,Overvotes,0
Hillsborough,Francestown,State Representative,27,,Write-Ins,0
Hillsborough,Weare,State Representative,28,D,Luke Drake Jr.,1804
Hillsborough,Weare,State Representative,28,D,David Erikson,1961
Hillsborough,Weare,State Representative,28,R,Travis Corcoran,3004
Hillsborough,Weare,State Representative,28,R,Keith Erf,3255
Hillsborough,Weare,State Representative,28,,Undervotes,1458
Hillsborough,Weare,State Representative,28,,Overvotes,0
Hillsborough,Weare,State Representative,28,,Write-Ins,1
Hillsborough,Goffstown,State Representative,29,D,Jim Craig,4484
Hillsborough,Goffstown,State Representative,29,D,Judy Johnson,4323
Hillsborough,Goffstown,State Representative,29,D,Judi L. Lanza,4385
Hillsborough,Goffstown,State Representative,29,D,Melanie Renfrew-Hebert,4170
Hillsborough,Goffstown,State Representative,29,,Undervotes,5844
Hillsborough,Goffstown,State Representative,29,,Overvotes,4
Hillsborough,Goffstown,State Representative,29,,Write-Ins,8
Hillsborough,Goffstown,State Representative,29,R,Joe Alexander,5027
Hillsborough,Goffstown,State Representative,29,R,Henry R. Giasson III,4566
Hillsborough,Goffstown,State Representative,29,R,Sherri Reinfurt,4652
Hillsborough,Goffstown,State Representative,29,R,Sheila Seidel,4876
Hillsborough,Antrim,State Representative,30,D,William Bryk,650
Hillsborough,Antrim,State Representative,30,D,Marjorie Porter,739
Hillsborough,Antrim,State Representative,30,D,Michael H. Schamel,653
Hillsborough,Antrim,State Representative,30,R,Riche Colcombe,828
Hillsborough,Antrim,State Representative,30,R,Jim Creighton,888
Hillsborough,Antrim,State Representative,30,R,Jim Fedolfi,734
Hillsborough,Antrim,State Representative,30,,Undervotes,582
Hillsborough,Antrim,State Representative,30,,Write-Ins,1
Hillsborough,Bennington,State Representative,30,D,William Bryk,325
Hillsborough,Bennington,State Representative,30,D,Marjorie Porter,348
Hillsborough,Bennington,State Representative,30,D,Michael H. Schamel,335
Hillsborough,Bennington,State Representative,30,R,Riche Colcombe,442
Hillsborough,Bennington,State Representative,30,R,Jim Creighton,451
Hillsborough,Bennington,State Representative,30,R,Jim Fedolfi,374
Hillsborough,Bennington,State Representative,30,,Undervotes,421
Hillsborough,Bennington,State Representative,30,,Overvotes,3
Hillsborough,Bennington,State Representative,30,,Write-Ins,1
Hillsborough,Hillsborough,State Representative,30,D,William Bryk,1145
Hillsborough,Hillsborough,State Representative,30,D,Marjorie Porter,1420
Hillsborough,Hillsborough,State Representative,30,D,Michael H. Schamel,1221
Hillsborough,Hillsborough,State Representative,30,R,Riche Colcombe,1816
Hillsborough,Hillsborough,State Representative,30,R,Jim Creighton,1756
Hillsborough,Hillsborough,State Representative,30,R,Jim Fedolfi,1693
Hillsborough,Hillsborough,State Representative,30,,Undervotes,1319
Hillsborough,Hillsborough,State Representative,30,,Overvotes,0
Hillsborough,Hillsborough,State Representative,30,,Write-Ins,3
Hillsborough,Windsor,State Representative,30,D,William Bryk,21
Hillsborough,Windsor,State Representative,30,D,Marjorie Porter,21
Hillsborough,Windsor,State Representative,30,D,Michael H. Schamel,24
Hillsborough,Windsor,State Representative,30,R,Riche Colcombe,86
Hillsborough,Windsor,State Representative,30,R,Jim Creighton,87
Hillsborough,Windsor,State Representative,30,R,Jim Fedolfi,83
Hillsborough,Windsor,State Representative,30,,Undervotes,37
Hillsborough,Windsor,State Representative,30,,Overvotes,0
Hillsborough,Windsor,State Representative,30,,Write-Ins,0
Hillsborough,Greenfield,State Representative,31,D,Molly C. Howard,445
Hillsborough,Greenfield,State Representative,31,R,Jarvis M. Adams IV,611
Hillsborough,Greenfield,State Representative,31,,Undervotes,36
Hillsborough,Greenfield,State Representative,31,,Overvotes,1
Hillsborough,Greenfield,State Representative,31,,Write-Ins,0
Hillsborough,Hancock,State Representative,31,D,Molly C. Howard,799
Hillsborough,Hancock,State Representative,31,R,Jarvis M. Adams IV,470
Hillsborough,Hancock,State Representative,31,,Undervotes,54
Hillsborough,Hancock,State Representative,31,,Overvotes,0
Hillsborough,Hancock,State Representative,31,,Write-Ins,0
Hillsborough,New Ipswich,State Representative,32,D,Jennifer Bernet,808
Hillsborough,New Ipswich,State Representative,32,D,Mike Pellerito,858
Hillsborough,New Ipswich,State Representative,32,D,Kermit Williams,770
Hillsborough,New Ipswich,State Representative,32,R,Diane Kelley,2169
Hillsborough,New Ipswich,State Representative,32,R,Jim Kofalt,2128
Hillsborough,New Ipswich,State Representative,32,R,Shane Sirois,2240
Hillsborough,New Ipswich,State Representative,32,,Undervotes,923
Hillsborough,New Ipswich,State Representative,32,,Overvotes,0
Hillsborough,New Ipswich,State Representative,32,,Write-Ins,0
Hillsborough,Temple,State Representative,32,D,Jennifer Bernet,418
Hillsborough,Temple,State Representative,32,D,Mike Pellerito,409
Hillsborough,Temple,State Representative,32,D,Kermit Williams,406
Hillsborough,Temple,State Representative,32,R,Diane Kelley,465
Hillsborough,Temple,State Representative,32,R,Jim Kofalt,423
Hillsborough,Temple,State Representative,32,R,Shane Sirois,435
Hillsborough,Temple,State Representative,32,,Undervotes,339
Hillsborough,Temple,State Representative,32,,Write-Ins,0
Hillsborough,Wilton,State Representative,32,D,Jennifer Bernet,1151
Hillsborough,Wilton,State Representative,32,D,Mike Pellerito,1082
Hillsborough,Wilton,State Representative,32,D,Kermit Williams,1168
Hillsborough,Wilton,State Representative,32,R,Diane Kelley,1150
Hillsborough,Wilton,State Representative,32,R,Jim Kofalt,1115
Hillsborough,Wilton,State Representative,32,R,Shane Sirois,1014
Hillsborough,Wilton,State Representative,32,,Undervotes,959
Hillsborough,Wilton,State Representative,32,,Overvotes,0
Hillsborough,Wilton,State Representative,32,,Write-Ins,1
Hillsborough,Peterborough,State Representative,33,D,Peter R. Leishman,2799
Hillsborough,Peterborough,State Representative,33,D,Jonah Orion Wheeler,2789
Hillsborough,Peterborough,State Representative,33,R,Kimberly Thomas,1413
Hillsborough,Peterborough,State Representative,33,,Undervotes,1803
Hillsborough,Peterborough,State Representative,33,,Write-Ins,26
Hillsborough,Sharon,State Representative,33,D,Peter R. Leishman,133
Hillsborough,Sharon,State Representative,33,D,Jonah Orion Wheeler,131
Hillsborough,Sharon,State Representative,33,R,Kimberly Thomas,142
Hillsborough,Sharon,State Representative,33,,Undervotes,180
Hillsborough,Sharon,State Representative,33,,Overvotes,0
Hillsborough,Sharon,State Representative,33,,Write-Ins,2
Hillsborough,Amherst,State Representative,34,D,Stephanie Grund,4209
Hillsborough,Amherst,State Representative,34,D,Daniel LeClerc,3979
Hillsborough,Amherst,State Representative,34,D,Daniel Veilleux,4025
Hillsborough,Amherst,State Representative,34,R,Russ Hodgkins,3484
Hillsborough,Amherst,State Representative,34,R,Diane Layton,3478
Hillsborough,Amherst,State Representative,34,R,Terry Reiber,3240
Hillsborough,Amherst,State Representative,34,,Undervotes,2115
Hillsborough,Amherst,State Representative,34,,Overvotes,3
Hillsborough,Amherst,State Representative,34,,Write-Ins,0
Hillsborough,Hollis,State Representative,35,D,Kat McGhee,2856
Hillsborough,Hollis,State Representative,35,D,Will Walker,2665
Hillsborough,Hollis,State Representative,35,R,Liz Barbour,2867
Hillsborough,Hollis,State Representative,35,R,Sue Homola,2682
Hillsborough,Hollis,State Representative,35,,Undervotes,664
Hillsborough,Hollis,State Representative,35,,Overvotes,0
Hillsborough,Hollis,State Representative,35,,Write-Ins,7
Hillsborough,Brookline,State Representative,36,D,Peter A. Cook,1698
Hillsborough,Brookline,State Representative,36,D,Carol Schreck,1547
Hillsborough,Brookline,State Representative,36,R,Diane Pauer,1860
Hillsborough,Brookline,State Representative,36,R,John W. Suiter,1668
Hillsborough,Brookline,State Representative,36,,Undervotes,626
Hillsborough,Brookline,State Representative,36,,Overvotes,0
Hillsborough,Brookline,State Representative,36,,Write-Ins,1
Hillsborough,Greenville,State Representative,36,D,Peter A. Cook,381
Hillsborough,Greenville,State Representative,36,D,Carol Schreck,362
Hillsborough,Greenville,State Representative,36,R,Diane Pauer,513
Hillsborough,Greenville,State Representative,36,R,John W. Suiter,490
Hillsborough,Greenville,State Representative,36,,Undervotes,334
Hillsborough,Greenville,State Representative,36,,Overvotes,0
Hillsborough,Greenville,State Representative,36,,Write-Ins,0
Hillsborough,Mason,State Representative,36,D,Peter A. Cook,330
Hillsborough,Mason,State Representative,36,D,Carol Schreck,348
Hillsborough,Mason,State Representative,36,R,Diane Pauer,483
Hillsborough,Mason,State Representative,36,R,John W. Suiter,532
Hillsborough,Mason,State Representative,36,,Undervotes,237
Hillsborough,Mason,State Representative,36,,Write-Ins,1
Hillsborough,Amherst,State Representative,37F,D,Megan A. Murray,4103
Hillsborough,Amherst,State Representative,37F,R,Pamela D. Coughlin,3655
Hillsborough,Amherst,State Representative,37F,,Undervotes,412
Hillsborough,Amherst,State Representative,37F,,Overvotes,4
Hillsborough,Amherst,State Representative,37F,,Write-Ins,1
Hillsborough,Milford,State Representative,37F,D,Megan A. Murray,4321
Hillsborough,Milford,State Representative,37F,R,Pamela D. Coughlin,4635
Hillsborough,Milford,State Representative,37F,,Undervotes,544
Hillsborough,Milford,State Representative,37F,,Overvotes,0
Hillsborough,Milford,State Representative,37F,,Write-Ins,12
Hillsborough,Hudson,State Representative,38F,D,Luan Baci,5466
Hillsborough,Hudson,State Representative,38F,R,Ralph G. Boehm,7066
Hillsborough,Hudson,State Representative,38F,R,Kim Rice,7986
Hillsborough,Hudson,State Representative,38F,,Undervotes,8864
Hillsborough,Hudson,State Representative,38F,,Overvotes,0
Hillsborough,Hudson,State Representative,38F,,Write-Ins,20
Hillsborough,Litchfield,State Representative,38F,D,Luan Baci,2025
Hillsborough,Litchfield,State Representative,38F,R,Ralph G. Boehm,2931
Hillsborough,Litchfield,State Representative,38F,R,Kim Rice,3084
Hillsborough,Litchfield,State Representative,38F,,Undervotes,2994
Hillsborough,Litchfield,State Representative,38F,,Overvotes,0
Hillsborough,Litchfield,State Representative,38F,,Write-Ins,5
Hillsborough,Manchester Ward 6,State Representative,39F,D,Benjamin C. Baroody,2179
Hillsborough,Manchester Ward 6,State Representative,39F,D,Maxine B. Mosley,2220
Hillsborough,Manchester Ward 6,State Representative,39F,R,Jonathan Morton,2244
Hillsborough,Manchester Ward 6,State Representative,39F,R,Mark Warden,2319
Hillsborough,Manchester Ward 6,State Representative,39F,,Undervotes,1704
Hillsborough,Manchester Ward 6,State Representative,39F,,Overvotes,0
Hillsborough,Manchester Ward 6,State Representative,39F,,Write-Ins,3
Hillsborough,Manchester Ward 8,State Representative,39F,D,Benjamin C. Baroody,2155
Hillsborough,Manchester Ward 8,State Representative,39F,D,Maxine B. Mosley,2135
Hillsborough,Manchester Ward 8,State Representative,39F,R,Jonathan Morton,2428
Hillsborough,Manchester Ward 8,State Representative,39F,R,Mark Warden,2574
Hillsborough,Manchester Ward 8,State Representative,39F,,Undervotes,1685
Hillsborough,Manchester Ward 8,State Representative,39F,,Overvotes,0
Hillsborough,Manchester Ward 8,State Representative,39F,,Write-Ins,3
Hillsborough,Manchester Ward 9,State Representative,39F,D,Benjamin C. Baroody,1783
Hillsborough,Manchester Ward 9,State Representative,39F,D,Maxine B. Mosley,1765
Hillsborough,Manchester Ward 9,State Representative,39F,R,Jonathan Morton,1766
Hillsborough,Manchester Ward 9,State Representative,39F,R,Mark Warden,1734
Hillsborough,Manchester Ward 9,State Representative,39F,,Undervotes,1332
Hillsborough,Manchester Ward 9,State Representative,39F,,Overvotes,4
Hillsborough,Manchester Ward 9,State Representative,39F,,Write-Ins,8
Hillsborough,Manchester Ward 1,State Representative,40F,D,Suraj Budathoki,2474
Hillsborough,Manchester Ward 1,State Representative,40F,D,Erin Kerwin,2810
Hillsborough,Manchester Ward 1,State Representative,40F,D,Mark S. MacKenzie,2716
Hillsborough,Manchester Ward 1,State Representative,40F,D,Trinidad Tellez,2546
Hillsborough,Manchester Ward 1,State Representative,40F,,Undervotes,4252
Hillsborough,Manchester Ward 1,State Representative,40F,,Overvotes,0
Hillsborough,Manchester Ward 1,State Representative,40F,,Write-Ins,16
Hillsborough,Manchester Ward 3,State Representative,40F,D,Suraj Budathoki,1556
Hillsborough,Manchester Ward 3,State Representative,40F,D,Erin Kerwin,1691
Hillsborough,Manchester Ward 3,State Representative,40F,D,Mark S. MacKenzie,1680
Hillsborough,Manchester Ward 3,State Representative,40F,D,Trinidad Tellez,1613
Hillsborough,Manchester Ward 3,State Representative,40F,,Undervotes,2984
Hillsborough,Manchester Ward 3,State Representative,40F,,Overvotes,0
Hillsborough,Manchester Ward 3,State Representative,40F,,Write-Ins,1
Hillsborough,Manchester Ward 10,State Representative,40F,D,Suraj Budathoki,1476
Hillsborough,Manchester Ward 10,State Representative,40F,D,Erin Kerwin,1738
Hillsborough,Manchester Ward 10,State Representative,40F,D,Mark S. MacKenzie,1743
Hillsborough,Manchester Ward 10,State Representative,40F,D,Trinidad Tellez,1555
Hillsborough,Manchester Ward 10,State Representative,40F,,Undervotes,3822
Hillsborough,Manchester Ward 10,State Representative,40F,,Overvotes,9
Hillsborough,Manchester Ward 10,State Representative,40F,,Write-Ins,14
Hillsborough,Manchester Ward 11,State Representative,40F,D,Suraj Budathoki,1410
Hillsborough,Manchester Ward 11,State Representative,40F,D,Erin Kerwin,1572
Hillsborough,Manchester Ward 11,State Representative,40F,D,Mark S. MacKenzie,1566
Hillsborough,Manchester Ward 11,State Representative,40F,D,Trinidad Tellez,1461
Hillsborough,Manchester Ward 11,State Representative,40F,,Undervotes,3098
Hillsborough,Manchester Ward 11,State Representative,40F,,Overvotes,0
Hillsborough,Manchester Ward 11,State Representative,40F,,Write-Ins,5
Hillsborough,Manchester Ward 12,State Representative,40F,D,Suraj Budathoki,1899
Hillsborough,Manchester Ward 12,State Representative,40F,D,Erin Kerwin,2100
Hillsborough,Manchester Ward 12,State Representative,40F,D,Mark S. MacKenzie,2072
Hillsborough,Manchester Ward 12,State Representative,40F,D,Trinidad Tellez,1960
Hillsborough,Manchester Ward 12,State Representative,40F,,Undervotes,2965
Hillsborough,Manchester Ward 12,State Representative,40F,,Overvotes,0
Hillsborough,Manchester Ward 12,State Representative,40F,,Write-Ins,7
Hillsborough,Manchester Ward 1,State Representative,40F,R,Carla Gericke,1929
Hillsborough,Manchester Ward 1,State Representative,40F,R,Carlos Gonzalez,2043
Hillsborough,Manchester Ward 1,State Representative,40F,R,Alex Krantz,2037
Hillsborough,Manchester Ward 1,State Representative,40F,R,Andre Rosa,1938
Hillsborough,Manchester Ward 3,State Representative,40F,R,Carla Gericke,1084
Hillsborough,Manchester Ward 3,State Representative,40F,R,Carlos Gonzalez,1156
Hillsborough,Manchester Ward 3,State Representative,40F,R,Alex Krantz,1103
Hillsborough,Manchester Ward 3,State Representative,40F,R,Andre Rosa,1097
Hillsborough,Manchester Ward 10,State Representative,40F,R,Carla Gericke,1686
Hillsborough,Manchester Ward 10,State Representative,40F,R,Carlos Gonzalez,1780
Hillsborough,Manchester Ward 10,State Representative,40F,R,Alex Krantz,1658
Hillsborough,Manchester Ward 10,State Representative,40F,R,Andre Rosa,1631
Hillsborough,Manchester Ward 11,State Representative,40F,R,Carla Gericke,1390
Hillsborough,Manchester Ward 11,State Representative,40F,R,Carlos Gonzalez,1453
Hillsborough,Manchester Ward 11,State Representative,40F,R,Alex Krantz,1365
Hillsborough,Manchester Ward 11,State Representative,40F,R,Andre Rosa,1379
Hillsborough,Manchester Ward 12,State Representative,40F,R,Carla Gericke,1800
Hillsborough,Manchester Ward 12,State Representative,40F,R,Carlos Gonzalez,2028
Hillsborough,Manchester Ward 12,State Representative,40F,R,Alex Krantz,1829
Hillsborough,Manchester Ward 12,State Representative,40F,R,Andre Rosa,1776
Hillsborough,Manchester Ward 2,State Representative,41F,D,Lily M. Foss,2494
Hillsborough,Manchester Ward 2,State Representative,41F,D,Tim Hartnett,2399
Hillsborough,Manchester Ward 2,State Representative,41F,D,Karen Hegner,2237
Hillsborough,Manchester Ward 2,State Representative,41F,R,Lee Xavier Davis,1747
Hillsborough,Manchester Ward 2,State Representative,41F,R,Ryan Hebert,1940
Hillsborough,Manchester Ward 2,State Representative,41F,R,Melodye LaChance Smith,1781
Hillsborough,Manchester Ward 2,State Representative,41F,,Undervotes,3137
Hillsborough,Manchester Ward 2,State Representative,41F,,Overvotes,6
Hillsborough,Manchester Ward 2,State Representative,41F,,Write-Ins,6
Hillsborough,Manchester Ward 4,State Representative,41F,D,Lily M. Foss,1690
Hillsborough,Manchester Ward 4,State Representative,41F,D,Tim Hartnett,1545
Hillsborough,Manchester Ward 4,State Representative,41F,D,Karen Hegner,1441
Hillsborough,Manchester Ward 4,State Representative,41F,R,Lee Xavier Davis,1190
Hillsborough,Manchester Ward 4,State Representative,41F,R,Ryan Hebert,1372
Hillsborough,Manchester Ward 4,State Representative,41F,R,Melodye LaChance Smith,1207
Hillsborough,Manchester Ward 4,State Representative,41F,,Undervotes,2606
Hillsborough,Manchester Ward 4,State Representative,41F,,Overvotes,0
Hillsborough,Manchester Ward 4,State Representative,41F,,Write-Ins,10
Hillsborough,Manchester Ward 5,State Representative,41F,D,Lily M. Foss,1227
Hillsborough,Manchester Ward 5,State Representative,41F,D,Tim Hartnett,1179
Hillsborough,Manchester Ward 5,State Representative,41F,D,Karen Hegner,1096
Hillsborough,Manchester Ward 5,State Representative,41F,R,Lee Xavier Davis,913
Hillsborough,Manchester Ward 5,State Representative,41F,R,Ryan Hebert,1012
Hillsborough,Manchester Ward 5,State Representative,41F,R,Melodye LaChance Smith,872
Hillsborough,Manchester Ward 5,State Representative,41F,,Undervotes,2196
Hillsborough,Manchester Ward 5,State Representative,41F,,Overvotes,3
Hillsborough,Manchester Ward 5,State Representative,41F,,Write-Ins,0
Hillsborough,Manchester Ward 7,State Representative,41F,D,Lily M. Foss,1674
Hillsborough,Manchester Ward 7,State Representative,41F,D,Tim Hartnett,1519
Hillsborough,Manchester Ward 7,State Representative,41F,D,Karen Hegner,1475
Hillsborough,Manchester Ward 7,State Representative,41F,R,Lee Xavier Davis,1304
Hillsborough,Manchester Ward 7,State Representative,41F,R,Ryan Hebert,1495
Hillsborough,Manchester Ward 7,State Representative,41F,R,Melodye LaChance Smith,1324
Hillsborough,Manchester Ward 7,State Representative,41F,,Undervotes,2852
Hillsborough,Manchester Ward 7,State Representative,41F,,Overvotes,0
Hillsborough,Manchester Ward 7,State Representative,41F,,Write-Ins,4
Hillsborough,Lyndeborough,State Representative,42,D,Sarah E. Chadzynski,496
Hillsborough,Lyndeborough,State Representative,42,D,Brian Paquette,473
Hillsborough,Lyndeborough,State Representative,42,D,Andrew Stokinger,423
Hillsborough,Lyndeborough,State Representative,42,R,Keith Ammon,570
Hillsborough,Lyndeborough,State Representative,42,R,Gerald Griffin,555
Hillsborough,Lyndeborough,State Representative,42,R,Lisa C.M. Post,613
Hillsborough,Lyndeborough,State Representative,42,,Undervotes,417
Hillsborough,Lyndeborough,State Representative,42,,Overvotes,0
Hillsborough,Lyndeborough,State Representative,42,,Write-Ins,0
Hillsborough,Mont Vernon,State Representative,42,D,Sarah E. Chadzynski,897
Hillsborough,Mont Vernon,State Representative,42,D,Brian Paquette,904
Hillsborough,Mont Vernon,State Representative,42,D,Andrew Stokinger,876
Hillsborough,Mont Vernon,State Representative,42,R,Keith Ammon,835
Hillsborough,Mont Vernon,State Representative,42,R,Gerald Griffin,842
Hillsborough,Mont Vernon,State Representative,42,R,Lisa C.M. Post,804
Hillsborough,Mont Vernon,State Representative,42,,Undervotes,510
Hillsborough,Mont Vernon,State Representative,42,,Overvotes,0
Hillsborough,Mont Vernon,State Representative,42,,Write-Ins,1
Hillsborough,New Boston,State Representative,42,D,Sarah E. Chadzynski,1707
Hillsborough,New Boston,State Representative,42,D,Brian Paquette,1753
Hillsborough,New Boston,State Representative,42,D,Andrew Stokinger,1603
Hillsborough,New Boston,State Representative,42,R,Keith Ammon,1971
Hillsborough,New Boston,State Representative,42,R,Gerald Griffin,1952
Hillsborough,New Boston,State Representative,42,R,Lisa C.M. Post,1959
Hillsborough,New Boston,State Representative,42,,Undervotes,1166
Hillsborough,New Boston,State Representative,42,,Overvotes,0
Hillsborough,New Boston,State Representative,42,,Write-Ins,8
Hillsborough,Milford,State Representative,43,D,Paul Dargie,4236
Hillsborough,Milford,State Representative,43,D,Scott Lawrence,3892
Hillsborough,Milford,State Representative,43,D,Peter Petrigno,4480
Hillsborough,Milford,State Representative,43,D,Michael Varraso,3821
Hillsborough,Milford,State Representative,43,,Undervotes,4779
Hillsborough,Milford,State Representative,43,,Overvotes,1
Hillsborough,Milford,State Representative,43,,Write-Ins,12
Hillsborough,Milford,State Representative,43,R,Gary L. Daniels,4297
Hillsborough,Milford,State Representative,43,R,Michael Facques,4111
Hillsborough,Milford,State Representative,43,R,Elizabeth Keenan,4050
Hillsborough,Milford,State Representative,43,R,Vanessa L. Sheehan,4351
Hillsborough,Goffstown,State Representative,44,D,Eric Emmerling,4170
Hillsborough,Goffstown,State Representative,44,D,Marie B. Morgan,4412
Hillsborough,Goffstown,State Representative,44,R,Ross Berry,4854
Hillsborough,Goffstown,State Representative,44,R,Lisa Mazur,5034
Hillsborough,Goffstown,State Representative,44,,Undervotes,2693
Hillsborough,Goffstown,State Representative,44,,Overvotes,0
Hillsborough,Goffstown,State Representative,44,,Write-Ins,6
Hillsborough,Weare,State Representative,44,D,Eric Emmerling,1729
Hillsborough,Weare,State Representative,44,D,Marie B. Morgan,1917
Hillsborough,Weare,State Representative,44,R,Ross Berry,3017
Hillsborough,Weare,State Representative,44,R,Lisa Mazur,3235
Hillsborough,Weare,State Representative,44,,Undervotes,1580
Hillsborough,Weare,State Representative,44,,Overvotes,0
Hillsborough,Weare,State Representative,44,,Write-Ins,0
Hillsborough,Brookline,State Representative,45F,D,Karen Calabro,1622
Hillsborough,Brookline,State Representative,45F,R,Jack Flanagan,1933
Hillsborough,Brookline,State Representative,45F,,Undervotes,141
Hillsborough,Brookline,State Representative,45F,,Overvotes,0
Hillsborough,Brookline,State Representative,45F,,Write-Ins,2
Hillsborough,Greenville,State Representative,45F,D,Karen Calabro,381
Hillsborough,Greenville,State Representative,45F,R,Jack Flanagan,582
Hillsborough,Greenville,State Representative,45F,,Undervotes,77
Hillsborough,Greenville,State Representative,45F,,Overvotes,0
Hillsborough,Greenville,State Representative,45F,,Write-Ins,0
Hillsborough,Hollis,State Representative,45F,D,Karen Calabro,2784
Hillsborough,Hollis,State Representative,45F,R,Jack Flanagan,2845
Hillsborough,Hollis,State Representative,45F,,Undervotes,234
Hillsborough,Hollis,State Representative,45F,,Overvotes,1
Hillsborough,Hollis,State Representative,45F,,Write-Ins,7
Hillsborough,Mason,State Representative,45F,D,Karen Calabro,331
Hillsborough,Mason,State Representative,45F,R,Jack Flanagan,593
Hillsborough,Mason,State Representative,45F,,Undervotes,41
Hillsborough,Mason,State Representative,45F,,Write-Ins,2
Merrimack,Boscawen,State Representative,1,D,Lorrie J. Carey,956
Merrimack,Boscawen,State Representative,1,R,Rick Devoid,1095
Merrimack,Boscawen,State Representative,1,,Undervotes,137
Merrimack,Boscawen,State Representative,1,,Overvotes,1
Merrimack,Boscawen,State Representative,1,,Write-Ins,0
Merrimack,Northfield,State Representative,2,R,Greg Hill,1901
Merrimack,Northfield,State Representative,2,,Undervotes,877
Merrimack,Northfield,State Representative,2,,Overvotes,0
Merrimack,Northfield,State Representative,2,,Write-Ins,24
Merrimack,Franklin Ward 1,State Representative,3,D,Scott A. Burns,558
Merrimack,Franklin Ward 1,State Representative,3,D,Justine Hoppe,441
Merrimack,Franklin Ward 1,State Representative,3,R,Ernesto L. Gonzalez,709
Merrimack,Franklin Ward 1,State Representative,3,R,Bryan Morse,778
Merrimack,Franklin Ward 1,State Representative,3,,Undervotes,543
Merrimack,Franklin Ward 1,State Representative,3,,Overvotes,1
Merrimack,Franklin Ward 1,State Representative,3,,Write-Ins,1
Merrimack,Franklin Ward 2,State Representative,3,D,Scott A. Burns,579
Merrimack,Franklin Ward 2,State Representative,3,D,Justine Hoppe,519
Merrimack,Franklin Ward 2,State Representative,3,R,Ernesto L. Gonzalez,616
Merrimack,Franklin Ward 2,State Representative,3,R,Bryan Morse,665
Merrimack,Franklin Ward 2,State Representative,3,,Undervotes,478
Merrimack,Franklin Ward 2,State Representative,3,,Overvotes,0
Merrimack,Franklin Ward 2,State Representative,3,,Write-Ins,1
Merrimack,Franklin Ward 3,State Representative,3,D,Scott A. Burns,674
Merrimack,Franklin Ward 3,State Representative,3,D,Justine Hoppe,571
Merrimack,Franklin Ward 3,State Representative,3,R,Ernesto L. Gonzalez,684
Merrimack,Franklin Ward 3,State Representative,3,R,Bryan Morse,735
Merrimack,Franklin Ward 3,State Representative,3,,Undervotes,505
Merrimack,Franklin Ward 3,State Representative,3,,Overvotes,0
Merrimack,Franklin Ward 3,State Representative,3,,Write-Ins,5
Merrimack,Canterbury,State Representative,4,D,Edward R. Friedrich,881
Merrimack,Canterbury,State Representative,4,D,Ruth Heath,977
Merrimack,Canterbury,State Representative,4,R,Jose E. Cambrils,596
Merrimack,Canterbury,State Representative,4,R,Michael Moffett,725
Merrimack,Canterbury,State Representative,4,,Undervotes,331
Merrimack,Canterbury,State Representative,4,,Overvotes,0
Merrimack,Canterbury,State Representative,4,,Write-Ins,1
Merrimack,Loudon,State Representative,4,D,Edward R. Friedrich,1205
Merrimack,Loudon,State Representative,4,D,Ruth Heath,1334
Merrimack,Loudon,State Representative,4,R,Jose E. Cambrils,1927
Merrimack,Loudon,State Representative,4,R,Michael Moffett,2073
Merrimack,Loudon,State Representative,4,,Undervotes,936
Merrimack,Loudon,State Representative,4,,Overvotes,5
Merrimack,Loudon,State Representative,4,,Write-Ins,0
Merrimack,Andover,State Representative,5,D,Lorna Carlisle,753
Merrimack,Andover,State Representative,5,D,David A. Nesbitt,716
Merrimack,Andover,State Representative,5,R,Louise Andrus,748
Merrimack,Andover,State Representative,5,R,Deborah Aylward,619
Merrimack,Andover,State Representative,5,,Undervotes,13
Merrimack,Andover,State Representative,5,,Overvotes,2
Merrimack,Andover,State Representative,5,,Write-Ins,2
Merrimack,Danbury,State Representative,5,D,Lorna Carlisle,275
Merrimack,Danbury,State Representative,5,D,David A. Nesbitt,266
Merrimack,Danbury,State Representative,5,R,Louise Andrus,479
Merrimack,Danbury,State Representative,5,R,Deborah Aylward,395
Merrimack,Danbury,State Representative,5,,Undervotes,251
Merrimack,Danbury,State Representative,5,,Overvotes,0
Merrimack,Danbury,State Representative,5,,Write-Ins,2
Merrimack,Hill,State Representative,5,D,Lorna Carlisle,189
Merrimack,Hill,State Representative,5,D,David A. Nesbitt,188
Merrimack,Hill,State Representative,5,R,Louise Andrus,391
Merrimack,Hill,State Representative,5,R,Deborah Aylward,375
Merrimack,Hill,State Representative,5,,Undervotes,197
Merrimack,Hill,State Representative,5,,Overvotes,0
Merrimack,Hill,State Representative,5,,Write-Ins,0
Merrimack,Salisbury,State Representative,5,D,Lorna Carlisle,363
Merrimack,Salisbury,State Representative,5,D,David A. Nesbitt,332
Merrimack,Salisbury,State Representative,5,R,Louise Andrus,598
Merrimack,Salisbury,State Representative,5,R,Deborah Aylward,485
Merrimack,Salisbury,State Representative,5,,Undervotes,242
Merrimack,Salisbury,State Representative,5,,Overvotes,0
Merrimack,Salisbury,State Representative,5,,Write-Ins,0
Merrimack,Webster,State Representative,5,D,Lorna Carlisle,502
Merrimack,Webster,State Representative,5,D,David A. Nesbitt,504
Merrimack,Webster,State Representative,5,R,Louise Andrus,662
Merrimack,Webster,State Representative,5,R,Deborah Aylward,597
Merrimack,Webster,State Representative,5,,Undervotes,341
Merrimack,Webster,State Representative,5,,Overvotes,0
Merrimack,Webster,State Representative,5,,Write-Ins,0
Merrimack,Sutton,State Representative,6,D,Tom Schamberg,765
Merrimack,Sutton,State Representative,6,R,Victor Prieto,610
Merrimack,Sutton,State Representative,6,,Undervotes,64
Merrimack,Sutton,State Representative,6,,Overvotes,0
Merrimack,Sutton,State Representative,6,,Write-Ins,0
Merrimack,Wilmot,State Representative,6,D,Tom Schamberg,601
Merrimack,Wilmot,State Representative,6,R,Victor Prieto,363
Merrimack,Wilmot,State Representative,6,,Undervotes,51
Merrimack,Wilmot,State Representative,6,,Overvotes,1
Merrimack,Wilmot,State Representative,6,,Write-Ins,1
Merrimack,New London,State Representative,7,D,Karen E. Ebel,1931
Merrimack,New London,State Representative,7,D,Gregory M. Sargent,1827
Merrimack,New London,State Representative,7,R,Dorothy L. Hitchmoth,1187
Merrimack,New London,State Representative,7,R,Claire A. Ketteler,920
Merrimack,New London,State Representative,7,,Undervotes,468
Merrimack,New London,State Representative,7,,Overvotes,4
Merrimack,New London,State Representative,7,,Write-Ins,0
Merrimack,Newbury,State Representative,7,D,Karen E. Ebel,790
Merrimack,Newbury,State Representative,7,D,Gregory M. Sargent,787
Merrimack,Newbury,State Representative,7,R,Dorothy L. Hitchmoth,779
Merrimack,Newbury,State Representative,7,R,Claire A. Ketteler,683
Merrimack,Newbury,State Representative,7,,Undervotes,360
Merrimack,Newbury,State Representative,7,,Overvotes,0
Merrimack,Newbury,State Representative,7,,Write-Ins,2
Merrimack,Bradford,State Representative,8,D,Tony Caplan,470
Merrimack,Bradford,State Representative,8,D,Eileen Kelly,511
Merrimack,Bradford,State Representative,8,D,Stephanie Payeur,470
Merrimack,Bradford,State Representative,8,R,Sherry L. Gould,518
Merrimack,Bradford,State Representative,8,R,James Bass Parker,471
Merrimack,Bradford,State Representative,8,R,Natalie Wells,538
Merrimack,Bradford,State Representative,8,,Undervotes,375
Merrimack,Bradford,State Representative,8,,Overvotes,0
Merrimack,Bradford,State Representative,8,,Write-Ins,4
Merrimack,Henniker,State Representative,8,D,Tony Caplan,1343
Merrimack,Henniker,State Representative,8,D,Eileen Kelly,1348
Merrimack,Henniker,State Representative,8,D,Stephanie Payeur,1353
Merrimack,Henniker,State Representative,8,R,Sherry L. Gould,1227
Merrimack,Henniker,State Representative,8,R,James Bass Parker,1167
Merrimack,Henniker,State Representative,8,R,Natalie Wells,1197
Merrimack,Henniker,State Representative,8,,Undervotes,1071
Merrimack,Henniker,State Representative,8,,Overvotes,5
Merrimack,Henniker,State Representative,8,,Write-Ins,5
Merrimack,Warner,State Representative,8,D,Tony Caplan,887
Merrimack,Warner,State Representative,8,D,Eileen Kelly,906
Merrimack,Warner,State Representative,8,D,Stephanie Payeur,871
Merrimack,Warner,State Representative,8,R,Sherry L. Gould,827
Merrimack,Warner,State Representative,8,R,James Bass Parker,752
Merrimack,Warner,State Representative,8,R,Natalie Wells,902
Merrimack,Warner,State Representative,8,,Undervotes,640
Merrimack,Warner,State Representative,8,,Overvotes,0
Merrimack,Warner,State Representative,8,,Write-Ins,0
Merrimack,Bow,State Representative,9,D,Eleana Marie Colby,2732
Merrimack,Bow,State Representative,9,D,Muriel Hall,2971
Merrimack,Bow,State Representative,9,D,David Luneau,2491
Merrimack,Bow,State Representative,9,D,James Newsom,2512
Merrimack,Bow,State Representative,9,,Undervotes,2292
Merrimack,Bow,State Representative,9,,Overvotes,0
Merrimack,Bow,State Representative,9,,Write-Ins,18
Merrimack,Hopkinton,State Representative,9,D,Eleana Marie Colby,2290
Merrimack,Hopkinton,State Representative,9,D,Muriel Hall,2290
Merrimack,Hopkinton,State Representative,9,D,David Luneau,2453
Merrimack,Hopkinton,State Representative,9,D,James Newsom,2372
Merrimack,Hopkinton,State Representative,9,,Undervotes,1667
Merrimack,Hopkinton,State Representative,9,,Overvotes,10
Merrimack,Hopkinton,State Representative,9,,Write-Ins,4
Merrimack,Bow,State Representative,9,R,David Germain,2143
Merrimack,Bow,State Representative,9,R,Darlene Gildersleeve,1974
Merrimack,Bow,State Representative,9,R,John F. Martin,2124
Merrimack,Bow,State Representative,9,R,Matthew Poulin,2505
Merrimack,Hopkinton,State Representative,9,R,David Germain,1524
Merrimack,Hopkinton,State Representative,9,R,Darlene Gildersleeve,1389
Merrimack,Hopkinton,State Representative,9,R,John F. Martin,1391
Merrimack,Hopkinton,State Representative,9,R,Matthew Poulin,1474
Merrimack,Dunbarton,State Representative,10,D,Madalasa Gurung,702
Merrimack,Dunbarton,State Representative,10,D,William P. Lynch,749
Merrimack,Dunbarton,State Representative,10,D,Germano Martins,672
Merrimack,Dunbarton,State Representative,10,D,Robert A. Ray,747
Merrimack,Dunbarton,State Representative,10,R,Stephen E. Boyd,1123
Merrimack,Dunbarton,State Representative,10,R,John A Leavitt,1105
Merrimack,Dunbarton,State Representative,10,R,Yury Polozov,1064
Merrimack,Dunbarton,State Representative,10,R,Thomas C. Walsh,1144
Merrimack,Dunbarton,State Representative,10,,Undervotes,1165
Merrimack,Dunbarton,State Representative,10,,Overvotes,0
Merrimack,Dunbarton,State Representative,10,,Write-Ins,1
Merrimack,Hooksett,State Representative,10,D,Madalasa Gurung,3241
Merrimack,Hooksett,State Representative,10,D,William P. Lynch,3505
Merrimack,Hooksett,State Representative,10,D,Germano Martins,3030
Merrimack,Hooksett,State Representative,10,D,Robert A. Ray,3334
Merrimack,Hooksett,State Representative,10,R,Stephen E. Boyd,4112
Merrimack,Hooksett,State Representative,10,R,John A Leavitt,4321
Merrimack,Hooksett,State Representative,10,R,Yury Polozov,3830
Merrimack,Hooksett,State Representative,10,R,Thomas C. Walsh,4579
Merrimack,Hooksett,State Representative,10,,Undervotes,5994
Merrimack,Hooksett,State Representative,10,,Overvotes,0
Merrimack,Hooksett,State Representative,10,,Write-Ins,5
Merrimack,Allenstown,State Representative,11,D,Al Turcotte,1233
Merrimack,Allenstown,State Representative,11,R,Matthew Pitaro,1287
Merrimack,Allenstown,State Representative,11,,Undervotes,138
Merrimack,Allenstown,State Representative,11,,Overvotes,0
Merrimack,Allenstown,State Representative,11,,Write-Ins,1
Merrimack,Pembroke,State Representative,12,D,Maurice Regan,1864
Merrimack,Pembroke,State Representative,12,D,Dianne E. Schuett,2012
Merrimack,Pembroke,State Representative,12,R,Peter L. Mehegan,2185
Merrimack,Pembroke,State Representative,12,R,Brian Seaworth,2161
Merrimack,Pembroke,State Representative,12,,Undervotes,842
Merrimack,Pembroke,State Representative,12,,Overvotes,0
Merrimack,Pembroke,State Representative,12,,Write-Ins,2
Merrimack,Chichester,State Representative,13,D,Sally Kelly,725
Merrimack,Chichester,State Representative,13,D,Dan Schroth,384
Merrimack,Chichester,State Representative,13,R,Cyril Aures,875
Merrimack,Chichester,State Representative,13,R,Clayton Wood,972
Merrimack,Chichester,State Representative,13,I,James C. Allard,331
Merrimack,Chichester,State Representative,13,,Undervotes,441
Merrimack,Chichester,State Representative,13,,Overvotes,0
Merrimack,Chichester,State Representative,13,,Write-Ins,0
Merrimack,Pittsfield,State Representative,13,D,Sally Kelly,784
Merrimack,Pittsfield,State Representative,13,D,Dan Schroth,531
Merrimack,Pittsfield,State Representative,13,R,Cyril Aures,1026
Merrimack,Pittsfield,State Representative,13,R,Clayton Wood,1173
Merrimack,Pittsfield,State Representative,13,I,James C. Allard,472
Merrimack,Pittsfield,State Representative,13,,Undervotes,679
Merrimack,Pittsfield,State Representative,13,,Overvotes,0
Merrimack,Pittsfield,State Representative,13,,Write-Ins,1
Merrimack,Epsom,State Representative,14,R,Dan McGuire,2168
Merrimack,Epsom,State Representative,14,,WRITE-IN Kathy DesRoches,114
Merrimack,Epsom,State Representative,14,,Undervotes,740
Merrimack,Epsom,State Representative,14,,Overvotes,0
Merrimack,Epsom,State Representative,14,,Write-Ins,20
Merrimack,Concord Ward 1,State Representative,15,D,Tracy Anne Bricchi,1750
Merrimack,Concord Ward 1,State Representative,15,,Undervotes,793
Merrimack,Concord Ward 1,State Representative,15,,Overvotes,0
Merrimack,Concord Ward 1,State Representative,15,,Write-Ins,24
Merrimack,Concord Ward 2,State Representative,16,D,Connie Lane,1285
Merrimack,Concord Ward 2,State Representative,16,R,Laurence R. Weissbrot,892
Merrimack,Concord Ward 2,State Representative,16,,Undervotes,124
Merrimack,Concord Ward 2,State Representative,16,,Overvotes,0
Merrimack,Concord Ward 2,State Representative,16,,Write-Ins,0
Merrimack,Concord Ward 3,State Representative,17,D,Beth Richards,787
Merrimack,Concord Ward 3,State Representative,17,R,Diana Freeman,504
Merrimack,Concord Ward 3,State Representative,17,,Undervotes,88
Merrimack,Concord Ward 3,State Representative,17,,Overvotes,0
Merrimack,Concord Ward 3,State Representative,17,,Write-Ins,0
Merrimack,Concord Ward 4,State Representative,18,D,Jim MacKay,1526
Merrimack,Concord Ward 4,State Representative,18,R,Kristen Jackson,752
Merrimack,Concord Ward 4,State Representative,18,,Undervotes,127
Merrimack,Concord Ward 4,State Representative,18,,Overvotes,0
Merrimack,Concord Ward 4,State Representative,18,,Write-Ins,1
Merrimack,Concord Ward 5,State Representative,19,D,Mary Jane Wallner,2160
Merrimack,Concord Ward 5,State Representative,19,,Undervotes,707
Merrimack,Concord Ward 5,State Representative,19,,Overvotes,0
Merrimack,Concord Ward 5,State Representative,19,,Write-Ins,10
Merrimack,Concord Ward 6,State Representative,20,D,Eric Gallager,1437
Merrimack,Concord Ward 6,State Representative,20,,Undervotes,688
Merrimack,Concord Ward 6,State Representative,20,,Overvotes,0
Merrimack,Concord Ward 6,State Representative,20,,Write-Ins,2
Merrimack,Concord Ward 7,State Representative,21,D,Timothy Soucy,1849
Merrimack,Concord Ward 7,State Representative,21,R,Robert G. Bertrand,907
Merrimack,Concord Ward 7,State Representative,21,,Undervotes,190
Merrimack,Concord Ward 7,State Representative,21,,Overvotes,0
Merrimack,Concord Ward 7,State Representative,21,,Write-Ins,1
Merrimack,Concord Ward 8,State Representative,22,D,James Leon Roesener,1244
Merrimack,Concord Ward 8,State Representative,22,R,Dennis Blankenbeker,986
Merrimack,Concord Ward 8,State Representative,22,,Undervotes,180
Merrimack,Concord Ward 8,State Representative,22,,Overvotes,0
Merrimack,Concord Ward 8,State Representative,22,,Write-Ins,1
Merrimack,Concord Ward 9,State Representative,23,D,Merryl Gibbs,1099
Merrimack,Concord Ward 9,State Representative,23,R,Andrew Georgevits,974
Merrimack,Concord Ward 9,State Representative,23,,Undervotes,124
Merrimack,Concord Ward 9,State Representative,23,,Overvotes,0
Merrimack,Concord Ward 9,State Representative,23,,Write-Ins,1
Merrimack,Concord Ward 10,State Representative,24,D,Matthew S. Hicks,1786
Merrimack,Concord Ward 10,State Representative,24,R,Thom Bloomquist,1166
Merrimack,Concord Ward 10,State Representative,24,,Undervotes,158
Merrimack,Concord Ward 10,State Representative,24,,Overvotes,0
Merrimack,Concord Ward 10,State Representative,24,,Write-Ins,1
Merrimack,Franklin Ward 1,State Representative,25F,D,Joyce May Fulweiler,484
Merrimack,Franklin Ward 1,State Representative,25F,R,James Thibault,921
Merrimack,Franklin Ward 1,State Representative,25F,,Undervotes,111
Merrimack,Franklin Ward 1,State Representative,25F,,Overvotes,0
Merrimack,Franklin Ward 1,State Representative,25F,,Write-Ins,0
Merrimack,Franklin Ward 2,State Representative,25F,D,Joyce May Fulweiler,560
Merrimack,Franklin Ward 2,State Representative,25F,R,James Thibault,773
Merrimack,Franklin Ward 2,State Representative,25F,,Undervotes,95
Merrimack,Franklin Ward 2,State Representative,25F,,Overvotes,0
Merrimack,Franklin Ward 2,State Representative,25F,,Write-Ins,1
Merrimack,Franklin Ward 3,State Representative,25F,D,Joyce May Fulweiler,614
Merrimack,Franklin Ward 3,State Representative,25F,R,James Thibault,863
Merrimack,Franklin Ward 3,State Representative,25F,,Undervotes,110
Merrimack,Franklin Ward 3,State Representative,25F,,Overvotes,0
Merrimack,Franklin Ward 3,State Representative,25F,,Write-Ins,0
Merrimack,Northfield,State Representative,25F,D,Joyce May Fulweiler,1028
Merrimack,Northfield,State Representative,25F,R,James Thibault,1548
Merrimack,Northfield,State Representative,25F,,Undervotes,226
Merrimack,Northfield,State Representative,25F,,Overvotes,0
Merrimack,Northfield,State Representative,25F,,Write-Ins,1
Merrimack,Andover,State Representative,26F,D,Mason Donovan,762
Merrimack,Andover,State Representative,26F,R,Alvin B. See,733
Merrimack,Andover,State Representative,26F,,Undervotes,123
Merrimack,Andover,State Representative,26F,,Overvotes,1
Merrimack,Andover,State Representative,26F,,Write-Ins,0
Merrimack,Boscawen,State Representative,26F,D,Mason Donovan,879
Merrimack,Boscawen,State Representative,26F,R,Alvin B. See,1096
Merrimack,Boscawen,State Representative,26F,,Undervotes,211
Merrimack,Boscawen,State Representative,26F,,Overvotes,0
Merrimack,Boscawen,State Representative,26F,,Write-Ins,3
Merrimack,Canterbury,State Representative,26F,D,Mason Donovan,900
Merrimack,Canterbury,State Representative,26F,R,Alvin B. See,738
Merrimack,Canterbury,State Representative,26F,,Undervotes,116
Merrimack,Canterbury,State Representative,26F,,Overvotes,0
Merrimack,Canterbury,State Representative,26F,,Write-Ins,1
Merrimack,Danbury,State Representative,26F,D,Mason Donovan,279
Merrimack,Danbury,State Representative,26F,R,Alvin B. See,498
Merrimack,Danbury,State Representative,26F,,Undervotes,57
Merrimack,Danbury,State Representative,26F,,Overvotes,0
Merrimack,Danbury,State Representative,26F,,Write-Ins,0
Merrimack,Hill,State Representative,26F,D,Mason Donovan,201
Merrimack,Hill,State Representative,26F,R,Alvin B. See,412
Merrimack,Hill,State Representative,26F,,Undervotes,57
Merrimack,Hill,State Representative,26F,,Overvotes,0
Merrimack,Hill,State Representative,26F,,Write-Ins,0
Merrimack,Loudon,State Representative,26F,D,Mason Donovan,1281
Merrimack,Loudon,State Representative,26F,R,Alvin B. See,2213
Merrimack,Loudon,State Representative,26F,,Undervotes,246
Merrimack,Loudon,State Representative,26F,,Overvotes,0
Merrimack,Loudon,State Representative,26F,,Write-Ins,0
Merrimack,Salisbury,State Representative,26F,D,Mason Donovan,346
Merrimack,Salisbury,State Representative,26F,R,Alvin B. See,583
Merrimack,Salisbury,State Representative,26F,,Undervotes,81
Merrimack,Salisbury,State Representative,26F,,Overvotes,0
Merrimack,Salisbury,State Representative,26F,,Write-Ins,0
Merrimack,Webster,State Representative,26F,D,Mason Donovan,506
Merrimack,Webster,State Representative,26F,R,Alvin B. See,686
Merrimack,Webster,State Representative,26F,,Undervotes,110
Merrimack,Webster,State Representative,26F,,Overvotes,0
Merrimack,Webster,State Representative,26F,,Write-Ins,1
Merrimack,Allenstown,State Representative,27F,D,Phillip James Walker,892
Merrimack,Allenstown,State Representative,27F,D,Kathleen Martins,1038
Merrimack,Allenstown,State Representative,27F,R,Carol McGuire,1317
Merrimack,Allenstown,State Representative,27F,R,Ray Plante,1180
Merrimack,Allenstown,State Representative,27F,,Undervotes,897
Merrimack,Allenstown,State Representative,27F,,Overvotes,0
Merrimack,Allenstown,State Representative,27F,,Write-Ins,0
Merrimack,Dunbarton,State Representative,27F,D,Phillip James Walker,718
Merrimack,Dunbarton,State Representative,27F,D,Kathleen Martins,740
Merrimack,Dunbarton,State Representative,27F,R,Carol McGuire,1138
Merrimack,Dunbarton,State Representative,27F,R,Ray Plante,1138
Merrimack,Dunbarton,State Representative,27F,,Undervotes,501
Merrimack,Dunbarton,State Representative,27F,,Overvotes,0
Merrimack,Dunbarton,State Representative,27F,,Write-Ins,1
Merrimack,Epsom,State Representative,27F,D,Phillip James Walker,864
Merrimack,Epsom,State Representative,27F,D,Kathleen Martins,979
Merrimack,Epsom,State Representative,27F,R,Carol McGuire,1762
Merrimack,Epsom,State Representative,27F,R,Ray Plante,1501
Merrimack,Epsom,State Representative,27F,,Undervotes,984
Merrimack,Epsom,State Representative,27F,,Overvotes,0
Merrimack,Epsom,State Representative,27F,,Write-Ins,4
Merrimack,Hooksett,State Representative,27F,D,Phillip James Walker,3151
Merrimack,Hooksett,State Representative,27F,D,Kathleen Martins,3608
Merrimack,Hooksett,State Representative,27F,R,Carol McGuire,4419
Merrimack,Hooksett,State Representative,27F,R,Ray Plante,4089
Merrimack,Hooksett,State Representative,27F,,Undervotes,2709
Merrimack,Hooksett,State Representative,27F,,Overvotes,0
Merrimack,Hooksett,State Representative,27F,,Write-Ins,2
Merrimack,Concord Ward 1,State Representative,28F,D,Jim Snodgrass,1388
Merrimack,Concord Ward 1,State Representative,28F,R,Brian Blackden,1016
Merrimack,Concord Ward 1,State Representative,28F,,Undervotes,175
Merrimack,Concord Ward 1,State Representative,28F,,Overvotes,0
Merrimack,Concord Ward 1,State Representative,28F,,Write-Ins,2
Merrimack,Concord Ward 2,State Representative,28F,D,Jim Snodgrass,1252
Merrimack,Concord Ward 2,State Representative,28F,R,Brian Blackden,920
Merrimack,Concord Ward 2,State Representative,28F,,Undervotes,129
Merrimack,Concord Ward 2,State Representative,28F,,Overvotes,0
Merrimack,Concord Ward 2,State Representative,28F,,Write-Ins,0
Merrimack,Concord Ward 3,State Representative,28F,D,Jim Snodgrass,779
Merrimack,Concord Ward 3,State Representative,28F,R,Brian Blackden,513
Merrimack,Concord Ward 3,State Representative,28F,,Undervotes,88
Merrimack,Concord Ward 3,State Representative,28F,,Overvotes,0
Merrimack,Concord Ward 3,State Representative,28F,,Write-Ins,0
Merrimack,Concord Ward 4,State Representative,29F,D,Kris Schultz,1553
Merrimack,Concord Ward 4,State Representative,29F,R,Claude Lompufu Bongambe,692
Merrimack,Concord Ward 4,State Representative,29F,,Undervotes,160
Merrimack,Concord Ward 4,State Representative,29F,,Overvotes,0
Merrimack,Concord Ward 4,State Representative,29F,,Write-Ins,0
Merrimack,Concord Ward 9,State Representative,29F,D,Kris Schultz,1306
Merrimack,Concord Ward 9,State Representative,29F,R,Claude Lompufu Bongambe,712
Merrimack,Concord Ward 9,State Representative,29F,,Undervotes,180
Merrimack,Concord Ward 9,State Representative,29F,,Overvotes,0
Merrimack,Concord Ward 9,State Representative,29F,,Write-Ins,3
Merrimack,Concord Ward 10,State Representative,29F,D,Kris Schultz,1774
Merrimack,Concord Ward 10,State Representative,29F,R,Claude Lompufu Bongambe,1095
Merrimack,Concord Ward 10,State Representative,29F,,Undervotes,241
Merrimack,Concord Ward 10,State Representative,29F,,Overvotes,0
Merrimack,Concord Ward 10,State Representative,29F,,Write-Ins,1
Merrimack,Concord Ward 5,State Representative,30F,D,Gary L. Woods,1935
Merrimack,Concord Ward 5,State Representative,30F,R,Robert C. Washburn Sr.,783
Merrimack,Concord Ward 5,State Representative,30F,,Undervotes,172
Merrimack,Concord Ward 5,State Representative,30F,,Overvotes,0
Merrimack,Concord Ward 5,State Representative,30F,,Write-Ins,0
Merrimack,Concord Ward 6,State Representative,30F,D,Gary L. Woods,1208
Merrimack,Concord Ward 6,State Representative,30F,R,Robert C. Washburn Sr.,720
Merrimack,Concord Ward 6,State Representative,30F,,Undervotes,189
Merrimack,Concord Ward 6,State Representative,30F,,Overvotes,0
Merrimack,Concord Ward 6,State Representative,30F,,Write-Ins,6
Merrimack,Concord Ward 7,State Representative,30F,D,Gary L. Woods,1803
Merrimack,Concord Ward 7,State Representative,30F,R,Robert C. Washburn Sr.,955
Merrimack,Concord Ward 7,State Representative,30F,,Undervotes,191
Merrimack,Concord Ward 7,State Representative,30F,,Overvotes,0
Merrimack,Concord Ward 7,State Representative,30F,,Write-Ins,2
Merrimack,Concord Ward 8,State Representative,30F,D,Gary L. Woods,1262
Merrimack,Concord Ward 8,State Representative,30F,R,Robert C. Washburn Sr.,983
Merrimack,Concord Ward 8,State Representative,30F,,Undervotes,167
Merrimack,Concord Ward 8,State Representative,30F,,Overvotes,0
Merrimack,Concord Ward 8,State Representative,30F,,Write-Ins,2
Rockingham,Northwood,State Representative,1,D,Charlotte Fyfe,1149
Rockingham,Northwood,State Representative,1,D,Hal Rafter,1227
Rockingham,Northwood,State Representative,1,D,Pamela Sanderson,1207
Rockingham,Northwood,State Representative,1,R,Scott R. Bryer,1556
Rockingham,Northwood,State Representative,1,R,James Guzofski,1449
Rockingham,Northwood,State Representative,1,R,Paul D. Tudor,1404
Rockingham,Northwood,State Representative,1,,Undervotes,923
Rockingham,Northwood,State Representative,1,,Overvotes,3
Rockingham,Northwood,State Representative,1,,Write-Ins,1
Rockingham,Nottingham,State Representative,1,D,Charlotte Fyfe,1673
Rockingham,Nottingham,State Representative,1,D,Hal Rafter,1729
Rockingham,Nottingham,State Representative,1,D,Pamela Sanderson,1594
Rockingham,Nottingham,State Representative,1,R,Scott R. Bryer,1780
Rockingham,Nottingham,State Representative,1,R,James Guzofski,1743
Rockingham,Nottingham,State Representative,1,R,Paul D. Tudor,1681
Rockingham,Nottingham,State Representative,1,,Undervotes,886
Rockingham,Nottingham,State Representative,1,,Overvotes,0
Rockingham,Nottingham,State Representative,1,,Write-Ins,4
Rockingham,Auburn,State Representative,2,D,Kendra Cohen,1368
Rockingham,Auburn,State Representative,2,D,Nick Karakoudas,1291
Rockingham,Auburn,State Representative,2,D,Judith Lindsey,1320
Rockingham,Auburn,State Representative,2,R,Jason Osborne,2335
Rockingham,Auburn,State Representative,2,R,James Spillane,2145
Rockingham,Auburn,State Representative,2,R,Kevin Verville,2100
Rockingham,Auburn,State Representative,2,,Undervotes,1696
Rockingham,Auburn,State Representative,2,,Overvotes,0
Rockingham,Auburn,State Representative,2,,Write-Ins,7
Rockingham,Candia,State Representative,2,D,Kendra Cohen,881
Rockingham,Candia,State Representative,2,D,Nick Karakoudas,822
Rockingham,Candia,State Representative,2,D,Judith Lindsey,1023
Rockingham,Candia,State Representative,2,R,Jason Osborne,1664
Rockingham,Candia,State Representative,2,R,James Spillane,1624
Rockingham,Candia,State Representative,2,R,Kevin Verville,1573
Rockingham,Candia,State Representative,2,,Undervotes,1281
Rockingham,Candia,State Representative,2,,Overvotes,0
Rockingham,Candia,State Representative,2,,Write-Ins,1
Rockingham,Deerfield,State Representative,2,D,Kendra Cohen,1345
Rockingham,Deerfield,State Representative,2,D,Nick Karakoudas,1213
Rockingham,Deerfield,State Representative,2,D,Judith Lindsey,1226
Rockingham,Deerfield,State Representative,2,R,Jason Osborne,1793
Rockingham,Deerfield,State Representative,2,R,James Spillane,1666
Rockingham,Deerfield,State Representative,2,R,Kevin Verville,1726
Rockingham,Deerfield,State Representative,2,,Undervotes,1217
Rockingham,Deerfield,State Representative,2,,Overvotes,0
Rockingham,Deerfield,State Representative,2,,Write-Ins,9
Rockingham,Chester,State Representative,3,D,Jane W. Van Zandt,1271
Rockingham,Chester,State Representative,3,R,Mary J. Ford,2107
Rockingham,Chester,State Representative,3,,Undervotes,170
Rockingham,Chester,State Representative,3,,Overvotes,1
Rockingham,Chester,State Representative,3,,Write-Ins,3
Rockingham,Raymond,State Representative,4,D,David K. Bodman,1928
Rockingham,Raymond,State Representative,4,D,Art Hunt,1857
Rockingham,Raymond,State Representative,4,D,Christopher Lee,1982
Rockingham,Raymond,State Representative,4,R,Cindy L. Bennett,3389
Rockingham,Raymond,State Representative,4,R,Mike Drago,3574
Rockingham,Raymond,State Representative,4,R,Brian Nadeau,3440
Rockingham,Raymond,State Representative,4,,Undervotes,2762
Rockingham,Raymond,State Representative,4,,Overvotes,3
Rockingham,Raymond,State Representative,4,,Write-Ins,128
Rockingham,Epping,State Representative,5,D,Jade A. Flad-Vilardi,1511
Rockingham,Epping,State Representative,5,D,Mark Vallone,2541
Rockingham,Epping,State Representative,5,R,Cody M. Belanger,2337
Rockingham,Epping,State Representative,5,R,Michael Vose,2511
Rockingham,Epping,State Representative,5,,Undervotes,1023
Rockingham,Epping,State Representative,5,,Overvotes,0
Rockingham,Epping,State Representative,5,,Write-Ins,8
Rockingham,Brentwood,State Representative,6,D,Eric S. Turer,1534
Rockingham,Brentwood,State Representative,6,R,Allen Cook,1496
Rockingham,Brentwood,State Representative,6,,Undervotes,97
Rockingham,Brentwood,State Representative,6,,Overvotes,2
Rockingham,Brentwood,State Representative,6,,Write-Ins,1
Rockingham,Fremont,State Representative,7,R,Laurence A. Miner,2183
Rockingham,Fremont,State Representative,7,,Undervotes,926
Rockingham,Fremont,State Representative,7,,Overvotes,0
Rockingham,Fremont,State Representative,7,,Write-Ins,29
Rockingham,Danville,State Representative,8,D,Sheila S. Johannesen,1035
Rockingham,Danville,State Representative,8,R,Sayra Lynn DeVito,1680
Rockingham,Danville,State Representative,8,,Undervotes,162
Rockingham,Danville,State Representative,8,,Overvotes,0
Rockingham,Danville,State Representative,8,,Write-Ins,3
Rockingham,Sandown,State Representative,9,D,Keith D. Cronyn,1357
Rockingham,Sandown,State Representative,9,D,Leslie Kruithof,1357
Rockingham,Sandown,State Representative,9,R,Donald Evan Selby,2389
Rockingham,Sandown,State Representative,9,R,Vicki Wilson,2376
Rockingham,Sandown,State Representative,9,,Undervotes,994
Rockingham,Sandown,State Representative,9,,Overvotes,2
Rockingham,Sandown,State Representative,9,,Write-Ins,1
Rockingham,Newfield,State Representative,10,D,Michael Cahill,626
Rockingham,Newfield,State Representative,10,D,Ellen Read,599
Rockingham,Newfield,State Representative,10,D,Toni Weinstein,519
Rockingham,Newfield,State Representative,10,R,Jeanene Cooper,592
Rockingham,Newfield,State Representative,10,,Undervotes,1500
Rockingham,Newfield,State Representative,10,,Overvotes,0
Rockingham,Newfield,State Representative,10,,Write-Ins,1
Rockingham,Newmarket,State Representative,10,D,Michael Cahill,3448
Rockingham,Newmarket,State Representative,10,D,Ellen Read,3323
Rockingham,Newmarket,State Representative,10,D,Toni Weinstein,3276
Rockingham,Newmarket,State Representative,10,R,Jeanene Cooper,2241
Rockingham,Newmarket,State Representative,10,,Undervotes,5722
Rockingham,Newmarket,State Representative,10,,Overvotes,0
Rockingham,Newmarket,State Representative,10,,Write-Ins,22
Rockingham,Exeter,State Representative,11,D,Julie D. Gilman,6126
Rockingham,Exeter,State Representative,11,D,Gaby Grossman,6026
Rockingham,Exeter,State Representative,11,D,Linda J. Haskins,5840
Rockingham,Exeter,State Representative,11,D,Mark Paige,6111
Rockingham,Exeter,State Representative,11,R,Robert Goeman,3216
Rockingham,Exeter,State Representative,11,R,Brian Griset,3233
Rockingham,Exeter,State Representative,11,R,William A. Smith,3161
Rockingham,Exeter,State Representative,11,,Undervotes,7931
Rockingham,Exeter,State Representative,11,,Overvotes,0
Rockingham,Exeter,State Representative,11,,Write-Ins,16
Rockingham,Stratham,State Representative,12,D,Allison Knab,3046
Rockingham,Stratham,State Representative,12,D,Zoe R. Manos,2906
Rockingham,Stratham,State Representative,12,R,Jessica Kliskey,2053
Rockingham,Stratham,State Representative,12,R,James Scamman,2326
Rockingham,Stratham,State Representative,12,,Undervotes,812
Rockingham,Stratham,State Representative,12,,Overvotes,0
Rockingham,Stratham,State Representative,12,,Write-Ins,5
Rockingham,Derry,State Representative,13,D,Jamie Carreau,6677
Rockingham,Derry,State Representative,13,D,Frances Keenan,6402
Rockingham,Derry,State Representative,13,D,Sanjeev Lath,6174
Rockingham,Derry,State Representative,13,D,Johnathan West,6780
Rockingham,Derry,State Representative,13,D,Elle Gallo,6925
Rockingham,Derry,State Representative,13,,Undervotes,66707
Rockingham,Derry,State Representative,13,,Overvotes,80
Rockingham,Derry,State Representative,13,,Write-Ins,201
Rockingham,Derry,State Representative,13,R,Richard Tripp,7831
Rockingham,Derry,State Representative,13,R,Charles Foote,7983
Rockingham,Derry,State Representative,13,R,Phyllis Katsakiores,8123
Rockingham,Derry,State Representative,13,R,Erica Layon,8283
Rockingham,Derry,State Representative,13,R,David Love,8646
Rockingham,Derry,State Representative,13,R,David E. Milz,7844
Rockingham,Derry,State Representative,13,R,Jodi Nelson,8555
Rockingham,Derry,State Representative,13,R,Stephen Pearson,7889
Rockingham,Derry,State Representative,13,R,John Potucek,7942
Rockingham,Derry,State Representative,13,R,Katherine Prudhomme-O'Brien,7905
Rockingham,East Kingston,State Representative,14,D,Shaw Tilton,719
Rockingham,East Kingston,State Representative,14,R,Pam Brown,797
Rockingham,East Kingston,State Representative,14,R,Kenneth L. Weyler,766
Rockingham,East Kingston,State Representative,14,,Undervotes,1157
Rockingham,East Kingston,State Representative,14,,Overvotes,0
Rockingham,East Kingston,State Representative,14,,Write-Ins,16
Rockingham,Kingston,State Representative,14,D,Shaw Tilton,1648
Rockingham,Kingston,State Representative,14,R,Pam Brown,1994
Rockingham,Kingston,State Representative,14,R,Kenneth L. Weyler,2031
Rockingham,Kingston,State Representative,14,,Undervotes,2664
Rockingham,Kingston,State Representative,14,,Overvotes,0
Rockingham,Kingston,State Representative,14,,Write-Ins,7
Rockingham,Hampstead,State Representative,15,D,Lisa DeMio,1927
Rockingham,Hampstead,State Representative,15,D,Laurie A. Warnock,2234
Rockingham,Hampstead,State Representative,15,R,Joe Guthrie,3292
Rockingham,Hampstead,State Representative,15,R,Lilli Walsh,3101
Rockingham,Hampstead,State Representative,15,,Undervotes,1580
Rockingham,Hampstead,State Representative,15,,Overvotes,2
Rockingham,Hampstead,State Representative,15,,Write-Ins,2
Rockingham,Londonderry,State Representative,16,D,William Adams,5816
Rockingham,Londonderry,State Representative,16,D,Bill Fanning,5945
Rockingham,Londonderry,State Representative,16,D,Anne H. Fenn,6532
Rockingham,Londonderry,State Representative,16,D,Jim Green,6170
Rockingham,Londonderry,State Representative,16,D,Michela Hites,6082
Rockingham,Londonderry,State Representative,16,D,Paul Skudlarek,5958
Rockingham,Londonderry,State Representative,16,,Undervotes,24965
Rockingham,Londonderry,State Representative,16,,Overvotes,35
Rockingham,Londonderry,State Representative,16,,Write-Ins,75
Rockingham,Londonderry,State Representative,16,R,Doug Thomas,7302
Rockingham,Londonderry,State Representative,16,R,Tom Dolan,7895
Rockingham,Londonderry,State Representative,16,R,Ron Dunn,7393
Rockingham,Londonderry,State Representative,16,R,Wayne D. MacDonald,6898
Rockingham,Londonderry,State Representative,16,R,David Lundgren,7917
Rockingham,Londonderry,State Representative,16,R,Sherman Packard,7260
Rockingham,Londonderry,State Representative,16,R,Kristine Perez,7962
Rockingham,Windham,State Representative,17,D,Michael Caruso,3306
Rockingham,Windham,State Representative,17,D,David Martsolf,3501
Rockingham,Windham,State Representative,17,D,Edward Schoen,2924
Rockingham,Windham,State Representative,17,D,Marie Yanish,3373
Rockingham,Windham,State Representative,17,R,Katelyn Kuttab,5370
Rockingham,Windham,State Representative,17,R,Bob Lynn,5225
Rockingham,Windham,State Representative,17,R,Charles E. McMahon,5445
Rockingham,Windham,State Representative,17,R,Daniel Popovici-Muller,5236
Rockingham,Atkinson,State Representative,18,D,Michael Boucher,2064
Rockingham,Atkinson,State Representative,18,R,Debra L. DeSimone,2905
Rockingham,Atkinson,State Representative,18,R,Jay Markell,2540
Rockingham,Atkinson,State Representative,18,,Undervotes,2825
Rockingham,Atkinson,State Representative,18,,Overvotes,0
Rockingham,Atkinson,State Representative,18,,Write-Ins,13
Rockingham,Hampton Falls,State Representative,19,D,Wendy Larson,681
Rockingham,Hampton Falls,State Representative,19,R,Susan M. Porcelli,1011
Rockingham,Hampton Falls,State Representative,19,,Undervotes,58
Rockingham,Hampton Falls,State Representative,19,,Overvotes,1
Rockingham,Hampton Falls,State Representative,19,,Write-Ins,0
Rockingham,Kensington,State Representative,19,D,Wendy Larson,698
Rockingham,Kensington,State Representative,19,R,Susan M. Porcelli,835
Rockingham,Kensington,State Representative,19,,Undervotes,61
Rockingham,Kensington,State Representative,19,,Overvotes,0
Rockingham,Kensington,State Representative,19,,Write-Ins,0
Rockingham,Newton,State Representative,20,D,Nancy Bishop,1084
Rockingham,Newton,State Representative,20,D,Stan G. Duncan,979
Rockingham,Newton,State Representative,20,D,Elizabeth Kosta,1076
Rockingham,Newton,State Representative,20,R,Robert Harb,1371
Rockingham,Newton,State Representative,20,R,Charles R. Melvin Sr.,1519
Rockingham,Newton,State Representative,20,R,James Summers,1304
Rockingham,Newton,State Representative,20,,Undervotes,1849
Rockingham,Newton,State Representative,20,,Overvotes,0
Rockingham,Newton,State Representative,20,,Write-Ins,1
Rockingham,Plaistow,State Representative,20,D,Nancy Bishop,1615
Rockingham,Plaistow,State Representative,20,D,Stan G. Duncan,1382
Rockingham,Plaistow,State Representative,20,D,Elizabeth Kosta,1744
Rockingham,Plaistow,State Representative,20,R,Robert Harb,2643
Rockingham,Plaistow,State Representative,20,R,Charles R. Melvin Sr.,2298
Rockingham,Plaistow,State Representative,20,R,James Summers,2183
Rockingham,Plaistow,State Representative,20,,Undervotes,2341
Rockingham,Plaistow,State Representative,20,,Overvotes,0
Rockingham,Plaistow,State Representative,20,,Write-Ins,4
Rockingham,South Hampton,State Representative,20,D,Nancy Bishop,233
Rockingham,South Hampton,State Representative,20,D,Stan G. Duncan,224
Rockingham,South Hampton,State Representative,20,D,Elizabeth Kosta,230
Rockingham,South Hampton,State Representative,20,R,Robert Harb,283
Rockingham,South Hampton,State Representative,20,R,Charles R. Melvin Sr.,315
Rockingham,South Hampton,State Representative,20,R,James Summers,262
Rockingham,South Hampton,State Representative,20,,Undervotes,364
Rockingham,South Hampton,State Representative,20,,Overvotes,0
Rockingham,South Hampton,State Representative,20,,Write-Ins,0
Rockingham,Newington,State Representative,21,D,Jennifer Mandelbaum,512
Rockingham,Newington,State Representative,21,,Undervotes,298
Rockingham,Newington,State Representative,21,,Overvotes,0
Rockingham,Newington,State Representative,21,,Write-Ins,7
Rockingham,Portsmouth Ward 1,State Representative,21,D,Jennifer Mandelbaum,2064
Rockingham,Portsmouth Ward 1,State Representative,21,,Undervotes,804
Rockingham,Portsmouth Ward 1,State Representative,21,,Overvotes,0
Rockingham,Portsmouth Ward 1,State Representative,21,,Write-Ins,25
Rockingham,New Castle,State Representative,22,D,Kate Murray,502
Rockingham,New Castle,State Representative,22,R,Thom Rossi,313
Rockingham,New Castle,State Representative,22,,Undervotes,33
Rockingham,New Castle,State Representative,22,,Overvotes,1
Rockingham,New Castle,State Representative,22,,Write-Ins,1
Rockingham,Portsmouth Ward 5,State Representative,22,D,Kate Murray,1960
Rockingham,Portsmouth Ward 5,State Representative,22,R,Thom Rossi,751
Rockingham,Portsmouth Ward 5,State Representative,22,,Undervotes,129
Rockingham,Portsmouth Ward 5,State Representative,22,,Overvotes,0
Rockingham,Portsmouth Ward 5,State Representative,22,,Write-Ins,1
Rockingham,North Hampton,State Representative,23,D,Jim Maggiore,1913
Rockingham,North Hampton,State Representative,23,R,Jennifer L. Smith,1414
Rockingham,North Hampton,State Representative,23,,Undervotes,125
Rockingham,North Hampton,State Representative,23,,Overvotes,0
Rockingham,North Hampton,State Representative,23,,Write-Ins,1
Rockingham,Greenland,State Representative,24,D,Jaci Grote,1218
Rockingham,Greenland,State Representative,24,D,Dennis Malloy,1360
Rockingham,Greenland,State Representative,24,R,Marilyn Page,1209
Rockingham,Greenland,State Representative,24,R,Kevin Szmyd,931
Rockingham,Greenland,State Representative,24,I,Lyn Leddy,534
Rockingham,Greenland,State Representative,24,,Undervotes,683
Rockingham,Greenland,State Representative,24,,Overvotes,0
Rockingham,Greenland,State Representative,24,,Write-Ins,67
Rockingham,Rye,State Representative,24,D,Jaci Grote,2261
Rockingham,Rye,State Representative,24,D,Dennis Malloy,2001
Rockingham,Rye,State Representative,24,R,Marilyn Page,1725
Rockingham,Rye,State Representative,24,R,Kevin Szmyd,1672
Rockingham,Rye,State Representative,24,I,Lyn Leddy,355
Rockingham,Rye,State Representative,24,,Undervotes,822
Rockingham,Rye,State Representative,24,,Overvotes,0
Rockingham,Rye,State Representative,24,,Write-Ins,1
Rockingham,Salem,State Representative,25,D,Jack Connell,5832
Rockingham,Salem,State Representative,25,D,Greg F. Davis,5663
Rockingham,Salem,State Representative,25,D,Dionne Garon,5596
Rockingham,Salem,State Representative,25,D,Daniel Guild,5486
Rockingham,Salem,State Representative,25,D,Ernest M. Hicks,5414
Rockingham,Salem,State Representative,25,D,Claire Karibian,6217
Rockingham,Salem,State Representative,25,D,Donna Loranger,6068
Rockingham,Salem,State Representative,25,,Undervotes,44697
Rockingham,Salem,State Representative,25,,Overvotes,36
Rockingham,Salem,State Representative,25,,Write-Ins,56
Rockingham,Salem,State Representative,25,R,Lorie Ball,9583
Rockingham,Salem,State Representative,25,R,Tanya Donnelly,9399
Rockingham,Salem,State Representative,25,R,Fred Doucette,9685
Rockingham,Salem,State Representative,25,R,John Janigian,9221
Rockingham,Salem,State Representative,25,R,Dennis Mannion,8470
Rockingham,Salem,State Representative,25,R,Valerie McDonnell,9084
Rockingham,Salem,State Representative,25,R,Joe Sweeney,9723
Rockingham,Salem,State Representative,25,R,John Sytek,9120
Rockingham,Salem,State Representative,25,R,Susan J. Vandecasteele,8991
Rockingham,Portsmouth Ward 3,State Representative,26,D,Buzz Scherr,2042
Rockingham,Portsmouth Ward 3,State Representative,26,,Undervotes,972
Rockingham,Portsmouth Ward 3,State Representative,26,,Overvotes,0
Rockingham,Portsmouth Ward 3,State Representative,26,,Write-Ins,11
Rockingham,Portsmouth Ward 4,State Representative,27,D,Gerald W.R. Ward,1538
Rockingham,Portsmouth Ward 4,State Representative,27,R,Diane D. Bitter,948
Rockingham,Portsmouth Ward 4,State Representative,27,,Undervotes,167
Rockingham,Portsmouth Ward 4,State Representative,27,,Overvotes,2
Rockingham,Portsmouth Ward 4,State Representative,27,,Write-Ins,5
Rockingham,Portsmouth Ward 2,State Representative,28,D,Carrie Sorensen,2254
Rockingham,Portsmouth Ward 2,State Representative,28,R,Sue Polidura,790
Rockingham,Portsmouth Ward 2,State Representative,28,,Undervotes,162
Rockingham,Portsmouth Ward 2,State Representative,28,,Overvotes,0
Rockingham,Portsmouth Ward 2,State Representative,28,,Write-Ins,7
Rockingham,Hampton,State Representative,29,D,Alan S. Blair,4520
Rockingham,Hampton,State Representative,29,D,Erica de Vries,4802
Rockingham,Hampton,State Representative,29,D,Mike Edgar,4969
Rockingham,Hampton,State Representative,29,D,Chris Muns,5067
Rockingham,Hampton,State Representative,29,,Undervotes,4801
Rockingham,Hampton,State Representative,29,,Overvotes,0
Rockingham,Hampton,State Representative,29,,Write-Ins,7
Rockingham,Hampton,State Representative,29,R,Bruce Theriault,4355
Rockingham,Hampton,State Representative,29,R,Nicholas D. Bridle,4823
Rockingham,Hampton,State Representative,29,R,David Hagen,4351
Rockingham,Hampton,State Representative,29,R,Ken Sheffert,4239
Rockingham,Seabrook,State Representative,30,D,Bob Albright,1733
Rockingham,Seabrook,State Representative,30,D,Justin G. Packard,1503
Rockingham,Seabrook,State Representative,30,R,Aboul B. Khan,2947
Rockingham,Seabrook,State Representative,30,R,Matt Sabourin,2563
Rockingham,Seabrook,State Representative,30,,Undervotes,1670
Rockingham,Seabrook,State Representative,30,,Overvotes,0
Rockingham,Seabrook,State Representative,30,,Write-Ins,10
Rockingham,Auburn,State Representative,31F,D,Dave DePuy,1261
Rockingham,Auburn,State Representative,31F,D,Charlotte Lister,1329
Rockingham,Auburn,State Representative,31F,R,Jess Edwards,2444
Rockingham,Auburn,State Representative,31F,R,Terry Roy,2108
Rockingham,Auburn,State Representative,31F,,Undervotes,1031
Rockingham,Auburn,State Representative,31F,,Overvotes,0
Rockingham,Auburn,State Representative,31F,,Write-Ins,5
Rockingham,Candia,State Representative,31F,D,Dave DePuy,907
Rockingham,Candia,State Representative,31F,D,Charlotte Lister,889
Rockingham,Candia,State Representative,31F,R,Jess Edwards,1726
Rockingham,Candia,State Representative,31F,R,Terry Roy,1624
Rockingham,Candia,State Representative,31F,,Undervotes,766
Rockingham,Candia,State Representative,31F,,Overvotes,0
Rockingham,Candia,State Representative,31F,,Write-Ins,1
Rockingham,Chester,State Representative,31F,D,Dave DePuy,1100
Rockingham,Chester,State Representative,31F,D,Charlotte Lister,1192
Rockingham,Chester,State Representative,31F,R,Jess Edwards,2147
Rockingham,Chester,State Representative,31F,R,Terry Roy,1894
Rockingham,Chester,State Representative,31F,,Undervotes,770
Rockingham,Chester,State Representative,31F,,Overvotes,0
Rockingham,Chester,State Representative,31F,,Write-Ins,4
Rockingham,Deerfield,State Representative,31F,D,Dave DePuy,1157
Rockingham,Deerfield,State Representative,31F,D,Charlotte Lister,1231
Rockingham,Deerfield,State Representative,31F,R,Jess Edwards,1849
Rockingham,Deerfield,State Representative,31F,R,Terry Roy,1771
Rockingham,Deerfield,State Representative,31F,,Undervotes,787
Rockingham,Deerfield,State Representative,31F,,Overvotes,0
Rockingham,Deerfield,State Representative,31F,,Write-Ins,1
Rockingham,Brentwood,State Representative,32F,D,Diana West,1416
Rockingham,Brentwood,State Representative,32F,R,Melissa A. Litchfield,1595
Rockingham,Brentwood,State Representative,32F,,Undervotes,114
Rockingham,Brentwood,State Representative,32F,,Overvotes,3
Rockingham,Brentwood,State Representative,32F,,Write-Ins,3
Rockingham,Danville,State Representative,32F,D,Diana West,896
Rockingham,Danville,State Representative,32F,R,Melissa A. Litchfield,1778
Rockingham,Danville,State Representative,32F,,Undervotes,199
Rockingham,Danville,State Representative,32F,,Overvotes,0
Rockingham,Danville,State Representative,32F,,Write-Ins,10
Rockingham,Fremont,State Representative,32F,D,Diana West,1057
Rockingham,Fremont,State Representative,32F,R,Melissa A. Litchfield,1895
Rockingham,Fremont,State Representative,32F,,Undervotes,178
Rockingham,Fremont,State Representative,32F,,Overvotes,0
Rockingham,Fremont,State Representative,32F,,Write-Ins,11
Rockingham,Exeter,State Representative,33F,D,Alexis Simpson,7051
Rockingham,Exeter,State Representative,33F,,Undervotes,3291
Rockingham,Exeter,State Representative,33F,,Overvotes,0
Rockingham,Exeter,State Representative,33F,,Write-Ins,65
Rockingham,Newfields,State Representative,33F,D,Alexis Simpson,742
Rockingham,Newfields,State Representative,33F,,Undervotes,524
Rockingham,Newfields,State Representative,33F,,Overvotes,0
Rockingham,Newfields,State Representative,33F,,Write-Ins,11
Rockingham,Newmarket,State Representative,33F,D,Alexis Simpson,4153
Rockingham,Newmarket,State Representative,33F,,Undervotes,1791
Rockingham,Newmarket,State Representative,33F,,Overvotes,0
Rockingham,Newmarket,State Representative,33F,,Write-Ins,53
Rockingham,Stratham,State Representative,33F,D,Alexis Simpson,3509
Rockingham,Stratham,State Representative,33F,,Undervotes,1977
Rockingham,Stratham,State Representative,33F,,Overvotes,0
Rockingham,Stratham,State Representative,33F,,Write-Ins,47
Rockingham,East Kingston,State Representative,34F,D,Jade DeMio,633
Rockingham,East Kingston,State Representative,34F,R,Mark A. Pearson,960
Rockingham,East Kingston,State Representative,34F,,Undervotes,126
Rockingham,East Kingston,State Representative,34F,,Overvotes,0
Rockingham,East Kingston,State Representative,34F,,Write-Ins,1
Rockingham,Hampstead,State Representative,34F,D,Jade DeMio,2023
Rockingham,Hampstead,State Representative,34F,R,Mark A. Pearson,3645
Rockingham,Hampstead,State Representative,34F,,Undervotes,393
Rockingham,Hampstead,State Representative,34F,,Overvotes,6
Rockingham,Hampstead,State Representative,34F,,Write-Ins,2
Rockingham,Kingston,State Representative,34F,D,Jade DeMio,1418
Rockingham,Kingston,State Representative,34F,R,Mark A. Pearson,2466
Rockingham,Kingston,State Representative,34F,,Undervotes,288
Rockingham,Kingston,State Representative,34F,,Overvotes,0
Rockingham,Kingston,State Representative,34F,,Write-Ins,1
Rockingham,Londonderry,State Representative,35F,D,Michelle Stith,6915
Rockingham,Londonderry,State Representative,35F,R,Julius F. Soti,8097
Rockingham,Londonderry,State Representative,35F,,Undervotes,1602
Rockingham,Londonderry,State Representative,35F,,Overvotes,2
Rockingham,Londonderry,State Representative,35F,,Write-Ins,25
Rockingham,Windham,State Representative,35F,D,Michelle Stith,4090
Rockingham,Windham,State Representative,35F,R,Julius F. Soti,5382
Rockingham,Windham,State Representative,35F,,Undervotes,662
Rockingham,Windham,State Representative,35F,,Overvotes,1
Rockingham,Windham,State Representative,35F,,Write-Ins,5
Rockingham,Hampton Falls,State Representative,36F,D,Eric B. Miller,711
Rockingham,Hampton Falls,State Representative,36F,R,JD Bernardy,960
Rockingham,Hampton Falls,State Representative,36F,,Undervotes,79
Rockingham,Hampton Falls,State Representative,36F,,Overvotes,1
Rockingham,Hampton Falls,State Representative,36F,,Write-Ins,0
Rockingham,Kensington,State Representative,36F,D,Eric B. Miller,738
Rockingham,Kensington,State Representative,36F,R,JD Bernardy,793
Rockingham,Kensington,State Representative,36F,,Undervotes,64
Rockingham,Kensington,State Representative,36F,,Overvotes,0
Rockingham,Kensington,State Representative,36F,,Write-Ins,0
Rockingham,Newton,State Representative,36F,D,Eric B. Miller,1125
Rockingham,Newton,State Representative,36F,R,JD Bernardy,1720
Rockingham,Newton,State Representative,36F,,Undervotes,215
Rockingham,Newton,State Representative,36F,,Overvotes,0
Rockingham,Newton,State Representative,36F,,Write-Ins,1
Rockingham,Plaistow,State Representative,36F,D,Eric B. Miller,1714
Rockingham,Plaistow,State Representative,36F,R,JD Bernardy,2687
Rockingham,Plaistow,State Representative,36F,,Undervotes,335
Rockingham,Plaistow,State Representative,36F,,Overvotes,0
Rockingham,Plaistow,State Representative,36F,,Write-Ins,4
Rockingham,South Hampton,State Representative,36F,D,Eric B. Miller,231
Rockingham,South Hampton,State Representative,36F,R,JD Bernardy,364
Rockingham,South Hampton,State Representative,36F,,Undervotes,42
Rockingham,South Hampton,State Representative,36F,,Overvotes,0
Rockingham,South Hampton,State Representative,36F,,Write-Ins,0
Rockingham,New Castle,State Representative,37F,D,James D. Meuse,520
Rockingham,New Castle,State Representative,37F,,Undervotes,336
Rockingham,New Castle,State Representative,37F,,Overvotes,0
Rockingham,New Castle,State Representative,37F,,Write-Ins,4
Rockingham,Newington,State Representative,37F,D,James D. Meuse,320
Rockingham,Newington,State Representative,37F,,Undervotes,300
Rockingham,Newington,State Representative,37F,,Overvotes,0
Rockingham,Newington,State Representative,37F,,Write-Ins,5
Rockingham,Portsmouth Ward 1,State Representative,37F,D,James D. Meuse,2061
Rockingham,Portsmouth Ward 1,State Representative,37F,,Undervotes,810
Rockingham,Portsmouth Ward 1,State Representative,37F,,Overvotes,0
Rockingham,Portsmouth Ward 1,State Representative,37F,,Write-Ins,19
Rockingham,Portsmouth Ward 5,State Representative,37F,D,James D. Meuse,2090
Rockingham,Portsmouth Ward 5,State Representative,37F,,Undervotes,729
Rockingham,Portsmouth Ward 5,State Representative,37F,,Overvotes,0
Rockingham,Portsmouth Ward 5,State Representative,37F,,Write-Ins,16
Rockingham,Greenland,State Representative,38F,D,Peggy Balboni,1368
Rockingham,Greenland,State Representative,38F,I&R,Janet Larsen,1459
Rockingham,Greenland,State Representative,38F,,Undervotes,144
Rockingham,Greenland,State Representative,38F,,Overvotes,0
Rockingham,Greenland,State Representative,38F,,Write-Ins,0
Rockingham,North Hampton,State Representative,38F,D,Peggy Balboni,1677
Rockingham,North Hampton,State Representative,38F,I&R,Janet Larsen,1622
Rockingham,North Hampton,State Representative,38F,,Undervotes,153
Rockingham,North Hampton,State Representative,38F,,Overvotes,0
Rockingham,North Hampton,State Representative,38F,,Write-Ins,1
Rockingham,Rye,State Representative,38F,D,Peggy Balboni,2296
Rockingham,Rye,State Representative,38F,I&R,Janet Larsen,1926
Rockingham,Rye,State Representative,38F,,Undervotes,194
Rockingham,Rye,State Representative,38F,,Overvotes,1
Rockingham,Rye,State Representative,38F,,Write-Ins,1
Rockingham,Portsmouth Ward 2,State Representative,39F,D,Ned Raynolds,2402
Rockingham,Portsmouth Ward 2,State Representative,39F,,Undervotes,780
Rockingham,Portsmouth Ward 2,State Representative,39F,,Overvotes,0
Rockingham,Portsmouth Ward 2,State Representative,39F,,Write-Ins,31
Rockingham,Portsmouth Ward 3,State Representative,39F,D,Ned Raynolds,2030
Rockingham,Portsmouth Ward 3,State Representative,39F,,Undervotes,978
Rockingham,Portsmouth Ward 3,State Representative,39F,,Overvotes,0
Rockingham,Portsmouth Ward 3,State Representative,39F,,Write-Ins,8
Rockingham,Portsmouth Ward 4,State Representative,39F,D,Ned Raynolds,1696
Rockingham,Portsmouth Ward 4,State Representative,39F,,Undervotes,943
Rockingham,Portsmouth Ward 4,State Representative,39F,,Overvotes,2
Rockingham,Portsmouth Ward 4,State Representative,39F,,Write-Ins,19
Rockingham,Hampton,State Representative,40F,D,John P. Carty,4863
Rockingham,Hampton,State Representative,40F,R,Linda McGrath,5041
Rockingham,Hampton,State Representative,40F,,Undervotes,579
Rockingham,Hampton,State Representative,40F,,Overvotes,1
Rockingham,Hampton,State Representative,40F,,Write-Ins,3
Rockingham,Seabrook,State Representative,40F,D,John P. Carty,1849
Rockingham,Seabrook,State Representative,40F,R,Linda McGrath,2977
Rockingham,Seabrook,State Representative,40F,,Undervotes,383
Rockingham,Seabrook,State Representative,40F,,Overvotes,0
Rockingham,Seabrook,State Representative,40F,,Write-Ins,5
Strafford,Farmington,State Representative,1,D,Manny Krasner,1532
Strafford,Farmington,State Representative,1,D,Fred Pitman,1240
Strafford,Farmington,State Representative,1,R,Sue DeLemus,1961
Strafford,Farmington,State Representative,1,R,Robley Hall,1640
Strafford,Farmington,State Representative,1,,Undervotes,1011
Strafford,Farmington,State Representative,1,,Overvotes,0
Strafford,Farmington,State Representative,1,,Write-Ins,1
Strafford,Milton,State Representative,2,D,Larry Brown,918
Strafford,Milton,State Representative,2,D,Pamela J. Hubbard,903
Strafford,Milton,State Representative,2,D,Marilyn J. Foster,839
Strafford,Milton,State Representative,2,R,Glenn Bailey,1472
Strafford,Milton,State Representative,2,R,Claudine R. Burnham,1419
Strafford,Milton,State Representative,2,R,Michael Granger,1403
Strafford,Milton,State Representative,2,,Undervotes,1229
Strafford,Milton,State Representative,2,,Overvotes,0
Strafford,Milton,State Representative,2,,Write-Ins,0
Strafford,Rochester Ward 5,State Representative,2,D,Larry Brown,1123
Strafford,Rochester Ward 5,State Representative,2,D,Pamela J. Hubbard,1251
Strafford,Rochester Ward 5,State Representative,2,D,Marilyn J. Foster,1130
Strafford,Rochester Ward 5,State Representative,2,R,Glenn Bailey,1463
Strafford,Rochester Ward 5,State Representative,2,R,Claudine R. Burnham,1361
Strafford,Rochester Ward 5,State Representative,2,R,Michael Granger,1432
Strafford,Rochester Ward 5,State Representative,2,,Undervotes,1333
Strafford,Rochester Ward 5,State Representative,2,,Overvotes,0
Strafford,Rochester Ward 5,State Representative,2,,Write-Ins,6
Strafford,Middleton,State Representative,3,D,Ellen Phillips,316
Strafford,Middleton,State Representative,3,R,Susan DeRoy,755
Strafford,Middleton,State Representative,3,,Undervotes,74
Strafford,Middleton,State Representative,3,,Overvotes,0
Strafford,Middleton,State Representative,3,,Write-Ins,0
Strafford,New Durham,State Representative,3,D,Ellen Phillips,669
Strafford,New Durham,State Representative,3,R,Susan DeRoy,1199
Strafford,New Durham,State Representative,3,,Undervotes,76
Strafford,New Durham,State Representative,3,,Overvotes,0
Strafford,New Durham,State Representative,3,,Write-Ins,4
Strafford,Barrington,State Representative,4,D,Heath Howard,2862
Strafford,Barrington,State Representative,4,D,Cassandra Levesque,3013
Strafford,Barrington,State Representative,4,D,Adam Mulholland,2749
Strafford,Barrington,State Representative,4,R,Seamus Casey,2760
Strafford,Barrington,State Representative,4,R,Len Turcotte,2965
Strafford,Barrington,State Representative,4,R,Kurt Wuelper,2722
Strafford,Barrington,State Representative,4,,Undervotes,1920
Strafford,Barrington,State Representative,4,,Overvotes,6
Strafford,Barrington,State Representative,4,,Write-Ins,2
Strafford,Strafford,State Representative,4,D,Heath Howard,1337
Strafford,Strafford,State Representative,4,D,Cassandra Levesque,1275
Strafford,Strafford,State Representative,4,D,Adam Mulholland,1157
Strafford,Strafford,State Representative,4,R,Seamus Casey,1287
Strafford,Strafford,State Representative,4,R,Len Turcotte,1384
Strafford,Strafford,State Representative,4,R,Kurt Wuelper,1461
Strafford,Strafford,State Representative,4,,Undervotes,1106
Strafford,Strafford,State Representative,4,,Overvotes,3
Strafford,Strafford,State Representative,4,,Write-Ins,2
Strafford,Rochester Ward 1,State Representative,5,D,Patricia Turner,1365
Strafford,Rochester Ward 1,State Representative,5,R,Thomas L. Kaczynski Jr.,1499
Strafford,Rochester Ward 1,State Representative,5,,Undervotes,157
Strafford,Rochester Ward 1,State Representative,5,,Overvotes,0
Strafford,Rochester Ward 1,State Representative,5,,Write-Ins,0
Strafford,Rochester Ward 2,State Representative,6,D,Kathleen M. MacLeod,1358
Strafford,Rochester Ward 2,State Representative,6,R,Denise DeDe-Poulin,1482
Strafford,Rochester Ward 2,State Representative,6,,Undervotes,195
Strafford,Rochester Ward 2,State Representative,6,,Overvotes,0
Strafford,Rochester Ward 2,State Representative,6,,Write-Ins,1
Strafford,Rochester Ward 3,State Representative,7,D,David Herman,1282
Strafford,Rochester Ward 3,State Representative,7,R,Aidan Ankarberg,1532
Strafford,Rochester Ward 3,State Representative,7,,Undervotes,195
Strafford,Rochester Ward 3,State Representative,7,,Overvotes,0
Strafford,Rochester Ward 3,State Representative,7,,Write-Ins,1
Strafford,Rochester Ward 4,State Representative,8,D,Chuck Grassie,1232
Strafford,Rochester Ward 4,State Representative,8,R,Samuel Farrington,1498
Strafford,Rochester Ward 4,State Representative,8,,Undervotes,73
Strafford,Rochester Ward 4,State Representative,8,,Overvotes,0
Strafford,Rochester Ward 4,State Representative,8,,Write-Ins,2
Strafford,Rochester Ward 6,State Representative,9,D,Amy Malone,1234
Strafford,Rochester Ward 6,State Representative,9,R,Brandon Phinney,1143
Strafford,Rochester Ward 6,State Representative,9,,Undervotes,145
Strafford,Rochester Ward 6,State Representative,9,,Overvotes,1
Strafford,Rochester Ward 6,State Representative,9,,Write-Ins,1
Strafford,Durham,State Representative,10,D,Marjorie Smith,5135
Strafford,Durham,State Representative,10,D,Wayne M. Burton,4850
Strafford,Durham,State Representative,10,D,Timothy Horrigan,4886
Strafford,Durham,State Representative,10,D,Loren Selig,5076
Strafford,Durham,State Representative,10,R,Jeffrey D. Berlin,2416
Strafford,Durham,State Representative,10,,Undervotes,11542
Strafford,Durham,State Representative,10,,Overvotes,0
Strafford,Durham,State Representative,10,,Write-Ins,26
Strafford,Dover Ward 4,State Representative,11,D,Erik Johnson,1916
Strafford,Dover Ward 4,State Representative,11,D,Thomas Southworth,1863
Strafford,Dover Ward 4,State Representative,11,D,Janet G. Wall,2005
Strafford,Dover Ward 4,State Representative,11,R,Joe Bazo,1097
Strafford,Dover Ward 4,State Representative,11,R,Denis Grenier,1125
Strafford,Dover Ward 4,State Representative,11,R,Bill Taylor,1087
Strafford,Dover Ward 4,State Representative,11,,Undervotes,1580
Strafford,Dover Ward 4,State Representative,11,,Overvotes,0
Strafford,Dover Ward 4,State Representative,11,,Write-Ins,1
Strafford,Lee,State Representative,11,D,Erik Johnson,1657
Strafford,Lee,State Representative,11,D,Thomas Southworth,1594
Strafford,Lee,State Representative,11,D,Janet G. Wall,1728
Strafford,Lee,State Representative,11,R,Joe Bazo,927
Strafford,Lee,State Representative,11,R,Denis Grenier,891
Strafford,Lee,State Representative,11,R,Bill Taylor,910
Strafford,Lee,State Representative,11,,Undervotes,1067
Strafford,Lee,State Representative,11,,Overvotes,0
Strafford,Lee,State Representative,11,,Write-Ins,1
Strafford,Madbury,State Representative,11,D,Erik Johnson,677
Strafford,Madbury,State Representative,11,D,Thomas Southworth,664
Strafford,Madbury,State Representative,11,D,Janet G. Wall,767
Strafford,Madbury,State Representative,11,R,Joe Bazo,431
Strafford,Madbury,State Representative,11,R,Denis Grenier,423
Strafford,Madbury,State Representative,11,R,Bill Taylor,411
Strafford,Madbury,State Representative,11,,Undervotes,553
Strafford,Madbury,State Representative,11,,Overvotes,0
Strafford,Madbury,State Representative,11,,Write-Ins,1
Strafford,Rollinsford,State Representative,12,D,Myles England,906
Strafford,Rollinsford,State Representative,12,D,Dawn M. Evans,900
Strafford,Rollinsford,State Representative,12,D,Wayne Pearson,862
Strafford,Rollinsford,State Representative,12,D,John J. Stone,848
Strafford,Rollinsford,State Representative,12,R,Ken Hilton,752
Strafford,Rollinsford,State Representative,12,R,Will Milus,637
Strafford,Rollinsford,State Representative,12,R,Padraic O'Hare,670
Strafford,Rollinsford,State Representative,12,R,Jonathan Wilson,705
Strafford,Rollinsford,State Representative,12,,Undervotes,780
Strafford,Rollinsford,State Representative,12,,Overvotes,0
Strafford,Rollinsford,State Representative,12,,Write-Ins,0
Strafford,Somersworth Ward 1,State Representative,12,D,Myles England,717
Strafford,Somersworth Ward 1,State Representative,12,D,Dawn M. Evans,742
Strafford,Somersworth Ward 1,State Representative,12,D,Wayne Pearson,709
Strafford,Somersworth Ward 1,State Representative,12,D,John J. Stone,707
Strafford,Somersworth Ward 1,State Representative,12,R,Ken Hilton,614
Strafford,Somersworth Ward 1,State Representative,12,R,Will Milus,538
Strafford,Somersworth Ward 1,State Representative,12,R,Padraic O'Hare,562
Strafford,Somersworth Ward 1,State Representative,12,R,Jonathan Wilson,589
Strafford,Somersworth Ward 1,State Representative,12,,Undervotes,672
Strafford,Somersworth Ward 1,State Representative,12,,Overvotes,0
Strafford,Somersworth Ward 1,State Representative,12,,Write-Ins,1
Strafford,Somersworth Ward 2,State Representative,12,D,Myles England,502
Strafford,Somersworth Ward 2,State Representative,12,D,Dawn M. Evans,532
Strafford,Somersworth Ward 2,State Representative,12,D,Wayne Pearson,495
Strafford,Somersworth Ward 2,State Representative,12,D,John J. Stone,536
Strafford,Somersworth Ward 2,State Representative,12,R,Ken Hilton,513
Strafford,Somersworth Ward 2,State Representative,12,R,Will Milus,445
Strafford,Somersworth Ward 2,State Representative,12,R,Padraic O'Hare,470
Strafford,Somersworth Ward 2,State Representative,12,R,Jonathan Wilson,483
Strafford,Somersworth Ward 2,State Representative,12,,Undervotes,717
Strafford,Somersworth Ward 2,State Representative,12,,Overvotes,1
Strafford,Somersworth Ward 2,State Representative,12,,Write-Ins,6
Strafford,Somersworth Ward 3,State Representative,12,D,Myles England,545
Strafford,Somersworth Ward 3,State Representative,12,D,Dawn M. Evans,570
Strafford,Somersworth Ward 3,State Representative,12,D,Wayne Pearson,525
Strafford,Somersworth Ward 3,State Representative,12,D,John J. Stone,539
Strafford,Somersworth Ward 3,State Representative,12,R,Ken Hilton,530
Strafford,Somersworth Ward 3,State Representative,12,R,Will Milus,458
Strafford,Somersworth Ward 3,State Representative,12,R,Padraic O'Hare,491
Strafford,Somersworth Ward 3,State Representative,12,R,Jonathan Wilson,513
Strafford,Somersworth Ward 3,State Representative,12,,Undervotes,699
Strafford,Somersworth Ward 3,State Representative,12,,Overvotes,0
Strafford,Somersworth Ward 3,State Representative,12,,Write-Ins,5
Strafford,Somersworth Ward 4,State Representative,12,D,Myles England,762
Strafford,Somersworth Ward 4,State Representative,12,D,Dawn M. Evans,784
Strafford,Somersworth Ward 4,State Representative,12,D,Wayne Pearson,758
Strafford,Somersworth Ward 4,State Representative,12,D,John J. Stone,765
Strafford,Somersworth Ward 4,State Representative,12,R,Ken Hilton,587
Strafford,Somersworth Ward 4,State Representative,12,R,Will Milus,456
Strafford,Somersworth Ward 4,State Representative,12,R,Padraic O'Hare,499
Strafford,Somersworth Ward 4,State Representative,12,R,Jonathan Wilson,515
Strafford,Somersworth Ward 4,State Representative,12,,Undervotes,724
Strafford,Somersworth Ward 4,State Representative,12,,Overvotes,0
Strafford,Somersworth Ward 4,State Representative,12,,Write-Ins,2
Strafford,Somersworth Ward 5,State Representative,12,D,Myles England,560
Strafford,Somersworth Ward 5,State Representative,12,D,Dawn M. Evans,582
Strafford,Somersworth Ward 5,State Representative,12,D,Wayne Pearson,556
Strafford,Somersworth Ward 5,State Representative,12,D,John J. Stone,566
Strafford,Somersworth Ward 5,State Representative,12,R,Ken Hilton,450
Strafford,Somersworth Ward 5,State Representative,12,R,Will Milus,391
Strafford,Somersworth Ward 5,State Representative,12,R,Padraic O'Hare,409
Strafford,Somersworth Ward 5,State Representative,12,R,Jonathan Wilson,416
Strafford,Somersworth Ward 5,State Representative,12,,Undervotes,589
Strafford,Somersworth Ward 5,State Representative,12,,Overvotes,0
Strafford,Somersworth Ward 5,State Representative,12,,Write-Ins,1
Strafford,Dover Ward 6,State Representative,13,D,Peter Bixby,1568
Strafford,Dover Ward 6,State Representative,13,R,Daniel A. Furman,1345
Strafford,Dover Ward 6,State Representative,13,,Undervotes,182
Strafford,Dover Ward 6,State Representative,13,,Overvotes,0
Strafford,Dover Ward 6,State Representative,13,,Write-Ins,0
Strafford,Dover Ward 1,State Representative,14,D,Peter B. Schmidt,2255
Strafford,Dover Ward 1,State Representative,14,R,Elliot Ross Boutin,797
Strafford,Dover Ward 1,State Representative,14,,Undervotes,188
Strafford,Dover Ward 1,State Representative,14,,Overvotes,0
Strafford,Dover Ward 1,State Representative,14,,Write-Ins,2
Strafford,Dover Ward 2,State Representative,15,D,Alice Wade,2047
Strafford,Dover Ward 2,State Representative,15,R,Keith Mistretta,869
Strafford,Dover Ward 2,State Representative,15,,Undervotes,193
Strafford,Dover Ward 2,State Representative,15,,Overvotes,0
Strafford,Dover Ward 2,State Representative,15,,Write-Ins,2
Strafford,Dover Ward 3,State Representative,15,D,Alice Wade,2076
Strafford,Dover Ward 3,State Representative,15,R,Keith Mistretta,1484
Strafford,Dover Ward 3,State Representative,15,,Undervotes,218
Strafford,Dover Ward 3,State Representative,15,,Overvotes,0
Strafford,Dover Ward 3,State Representative,15,,Write-Ins,1
Strafford,Dover Ward 5,State Representative,17,D,Jessica F. LaMontagne,1739
Strafford,Dover Ward 5,State Representative,17,R,Matthew D. Albion,983
Strafford,Dover Ward 5,State Representative,17,,Undervotes,182
Strafford,Dover Ward 5,State Representative,17,,Overvotes,1
Strafford,Dover Ward 5,State Representative,17,,Write-Ins,1
Strafford,Barrington,State Representative,18,D,Kimberly McGlinchey,2872
Strafford,Barrington,State Representative,18,R,Michael Harrington,3103
Strafford,Barrington,State Representative,18,,Undervotes,357
Strafford,Barrington,State Representative,18,,Overvotes,0
Strafford,Barrington,State Representative,18,,Write-Ins,0
Strafford,Middleton,State Representative,18,D,Kimberly McGlinchey,329
Strafford,Middleton,State Representative,18,R,Michael Harrington,730
Strafford,Middleton,State Representative,18,,Undervotes,86
Strafford,Middleton,State Representative,18,,Overvotes,0
Strafford,Middleton,State Representative,18,,Write-Ins,0
Strafford,New Durham,State Representative,18,D,Kimberly McGlinchey,630
Strafford,New Durham,State Representative,18,R,Michael Harrington,1211
Strafford,New Durham,State Representative,18,,Undervotes,107
Strafford,New Durham,State Representative,18,,Overvotes,0
Strafford,New Durham,State Representative,18,,Write-Ins,0
Strafford,Strafford,State Representative,18,D,Kimberly McGlinchey,1200
Strafford,Strafford,State Representative,18,R,Michael Harrington,1626
Strafford,Strafford,State Representative,18,,Undervotes,175
Strafford,Strafford,State Representative,18,,Overvotes,0
Strafford,Strafford,State Representative,18,,Write-Ins,2
Strafford,Rochester Ward 1,State Representative,19F,D,Daniel Fitzpatrick,1263
Strafford,Rochester Ward 1,State Representative,19F,D,John Larochelle,1287
Strafford,Rochester Ward 1,State Representative,19F,D,Melena Lugo,1241
Strafford,Rochester Ward 1,State Representative,19F,R,Kelley Potenza,1359
Strafford,Rochester Ward 1,State Representative,19F,R,David Walker,1391
Strafford,Rochester Ward 1,State Representative,19F,R,Jenny O. Wilson,1252
Strafford,Rochester Ward 1,State Representative,19F,,Undervotes,1269
Strafford,Rochester Ward 1,State Representative,19F,,Overvotes,0
Strafford,Rochester Ward 1,State Representative,19F,,Write-Ins,1
Strafford,Rochester Ward 2,State Representative,19F,D,Daniel Fitzpatrick,1278
Strafford,Rochester Ward 2,State Representative,19F,D,John Larochelle,1290
Strafford,Rochester Ward 2,State Representative,19F,D,Melena Lugo,1186
Strafford,Rochester Ward 2,State Representative,19F,R,Kelley Potenza,1345
Strafford,Rochester Ward 2,State Representative,19F,R,David Walker,1412
Strafford,Rochester Ward 2,State Representative,19F,R,Jenny O. Wilson,1259
Strafford,Rochester Ward 2,State Representative,19F,,Undervotes,1333
Strafford,Rochester Ward 2,State Representative,19F,,Overvotes,0
Strafford,Rochester Ward 2,State Representative,19F,,Write-Ins,5
Strafford,Rochester Ward 3,State Representative,19F,D,Daniel Fitzpatrick,1176
Strafford,Rochester Ward 3,State Representative,19F,D,John Larochelle,1235
Strafford,Rochester Ward 3,State Representative,19F,D,Melena Lugo,1129
Strafford,Rochester Ward 3,State Representative,19F,R,Kelley Potenza,1424
Strafford,Rochester Ward 3,State Representative,19F,R,David Walker,1432
Strafford,Rochester Ward 3,State Representative,19F,R,Jenny O. Wilson,1293
Strafford,Rochester Ward 3,State Representative,19F,,Undervotes,1333
Strafford,Rochester Ward 3,State Representative,19F,,Overvotes,3
Strafford,Rochester Ward 3,State Representative,19F,,Write-Ins,3
Strafford,Rochester Ward 4,State Representative,19F,D,Daniel Fitzpatrick,1223
Strafford,Rochester Ward 4,State Representative,19F,D,John Larochelle,1219
Strafford,Rochester Ward 4,State Representative,19F,D,Melena Lugo,1159
Strafford,Rochester Ward 4,State Representative,19F,R,Kelley Potenza,1238
Strafford,Rochester Ward 4,State Representative,19F,R,David Walker,1291
Strafford,Rochester Ward 4,State Representative,19F,R,Jenny O. Wilson,1173
Strafford,Rochester Ward 4,State Representative,19F,,Undervotes,1111
Strafford,Rochester Ward 4,State Representative,19F,,Overvotes,0
Strafford,Rochester Ward 4,State Representative,19F,,Write-Ins,1
Strafford,Rochester Ward 6,State Representative,19F,D,Daniel Fitzpatrick,1100
Strafford,Rochester Ward 6,State Representative,19F,D,John Larochelle,1096
Strafford,Rochester Ward 6,State Representative,19F,D,Melena Lugo,1066
Strafford,Rochester Ward 6,State Representative,19F,R,Kelley Potenza,1062
Strafford,Rochester Ward 6,State Representative,19F,R,David Walker,1115
Strafford,Rochester Ward 6,State Representative,19F,R,Jenny O. Wilson,993
Strafford,Rochester Ward 6,State Representative,19F,,Undervotes,1139
Strafford,Rochester Ward 6,State Representative,19F,,Overvotes,0
Strafford,Rochester Ward 6,State Representative,19F,,Write-Ins,1
Strafford,Dover Ward 4,State Representative,20F,D,Allan Howland,2035
Strafford,Dover Ward 4,State Representative,20F,R,Joseph Rowell,1214
Strafford,Dover Ward 4,State Representative,20F,,Undervotes,305
Strafford,Dover Ward 4,State Representative,20F,,Overvotes,2
Strafford,Dover Ward 4,State Representative,20F,,Write-Ins,1
Strafford,Durham,State Representative,20F,D,Allan Howland,5361
Strafford,Durham,State Representative,20F,R,Joseph Rowell,2077
Strafford,Durham,State Representative,20F,,Undervotes,1029
Strafford,Durham,State Representative,20F,,Overvotes,0
Strafford,Durham,State Representative,20F,,Write-Ins,15
Strafford,Lee,State Representative,20F,D,Allan Howland,1703
Strafford,Lee,State Representative,20F,R,Joseph Rowell,1023
Strafford,Lee,State Representative,20F,,Undervotes,197
Strafford,Lee,State Representative,20F,,Overvotes,0
Strafford,Lee,State Representative,20F,,Write-Ins,1
Strafford,Madbury,State Representative,20F,D,Allan Howland,725
Strafford,Madbury,State Representative,20F,R,Joseph Rowell,469
Strafford,Madbury,State Representative,20F,,Undervotes,114
Strafford,Madbury,State Representative,20F,,Overvotes,0
Strafford,Madbury,State Representative,20F,,Write-Ins,0
Strafford,Dover Ward 1,State Representative,21F,D,Luz Bay,2138
Strafford,Dover Ward 1,State Representative,21F,D,Seth Miller,2020
Strafford,Dover Ward 1,State Representative,21F,D,Geoffrey Smith,1963
Strafford,Dover Ward 1,State Representative,21F,R,Renee L. Blaisdell,786
Strafford,Dover Ward 1,State Representative,21F,R,John V. Caggiano,711
Strafford,Dover Ward 1,State Representative,21F,R,Gary Fratus,736
Strafford,Dover Ward 1,State Representative,21F,,Undervotes,1367
Strafford,Dover Ward 1,State Representative,21F,,Overvotes,3
Strafford,Dover Ward 1,State Representative,21F,,Write-Ins,1
Strafford,Dover Ward 2,State Representative,21F,D,Luz Bay,1963
Strafford,Dover Ward 2,State Representative,21F,D,Seth Miller,1864
Strafford,Dover Ward 2,State Representative,21F,D,Geoffrey Smith,1801
Strafford,Dover Ward 2,State Representative,21F,R,Renee L. Blaisdell,838
Strafford,Dover Ward 2,State Representative,21F,R,John V. Caggiano,789
Strafford,Dover Ward 2,State Representative,21F,R,Gary Fratus,774
Strafford,Dover Ward 2,State Representative,21F,,Undervotes,1310
Strafford,Dover Ward 2,State Representative,21F,,Overvotes,0
Strafford,Dover Ward 2,State Representative,21F,,Write-Ins,1
Strafford,Dover Ward 3,State Representative,21F,D,Luz Bay,1961
Strafford,Dover Ward 3,State Representative,21F,D,Seth Miller,1907
Strafford,Dover Ward 3,State Representative,21F,D,Geoffrey Smith,1797
Strafford,Dover Ward 3,State Representative,21F,R,Renee L. Blaisdell,1397
Strafford,Dover Ward 3,State Representative,21F,R,John V. Caggiano,1346
Strafford,Dover Ward 3,State Representative,21F,R,Gary Fratus,1314
Strafford,Dover Ward 3,State Representative,21F,,Undervotes,1614
Strafford,Dover Ward 3,State Representative,21F,,Overvotes,0
Strafford,Dover Ward 3,State Representative,21F,,Write-Ins,3
Strafford,Dover Ward 5,State Representative,21F,D,Luz Bay,1609
Strafford,Dover Ward 5,State Representative,21F,D,Seth Miller,1575
Strafford,Dover Ward 5,State Representative,21F,D,Geoffrey Smith,1471
Strafford,Dover Ward 5,State Representative,21F,R,Renee L. Blaisdell,993
Strafford,Dover Ward 5,State Representative,21F,R,John V. Caggiano,909
Strafford,Dover Ward 5,State Representative,21F,R,Gary Fratus,898
Strafford,Dover Ward 5,State Representative,21F,,Undervotes,1259
Strafford,Dover Ward 5,State Representative,21F,,Overvotes,3
Strafford,Dover Ward 5,State Representative,21F,,Write-Ins,3
Strafford,Dover Ward 6,State Representative,21F,D,Luz Bay,1590
Strafford,Dover Ward 6,State Representative,21F,D,Seth Miller,1443
Strafford,Dover Ward 6,State Representative,21F,D,Geoffrey Smith,1385
Strafford,Dover Ward 6,State Representative,21F,R,Renee L. Blaisdell,1159
Strafford,Dover Ward 6,State Representative,21F,R,John V. Caggiano,1081
Strafford,Dover Ward 6,State Representative,21F,R,Gary Fratus,1138
Strafford,Dover Ward 6,State Representative,21F,,Undervotes,1471
Strafford,Dover Ward 6,State Representative,21F,,Overvotes,0
Strafford,Dover Ward 6,State Representative,21F,,Write-Ins,0
Sullivan,Grantham,State Representative,1,D,Brian M. Sullivan,1565
Sullivan,Grantham,State Representative,1,R,Joel T. Hutchins,811
Sullivan,Grantham,State Representative,1,,Undervotes,86
Sullivan,Grantham,State Representative,1,,Overvotes,0
Sullivan,Grantham,State Representative,1,,Write-Ins,2
Sullivan,Cornish,State Representative,2,D,William Palmer,618
Sullivan,Cornish,State Representative,2,R,Virginia Drye,496
Sullivan,Cornish,State Representative,2,,Undervotes,27
Sullivan,Cornish,State Representative,2,,Overvotes,0
Sullivan,Cornish,State Representative,2,,Write-Ins,0
Sullivan,Plainfield,State Representative,2,D,William Palmer,1044
Sullivan,Plainfield,State Representative,2,R,Virginia Drye,606
Sullivan,Plainfield,State Representative,2,,Undervotes,62
Sullivan,Plainfield,State Representative,2,,Overvotes,2
Sullivan,Plainfield,State Representative,2,,Write-Ins,0
Sullivan,Charlestown,State Representative,3,D,Nikki Murphy,1014
Sullivan,Charlestown,State Representative,3,R,Skip Rollins,1212
Sullivan,Charlestown,State Representative,3,R,Steven Smith,1340
Sullivan,Charlestown,State Representative,3,R,Walter Spilsbury,1263
Sullivan,Charlestown,State Representative,3,,Undervotes,2758
Sullivan,Charlestown,State Representative,3,,Overvotes,0
Sullivan,Charlestown,State Representative,3,,Write-Ins,9
Sullivan,Newport,State Representative,3,D,Nikki Murphy,1275
Sullivan,Newport,State Representative,3,R,Skip Rollins,2149
Sullivan,Newport,State Representative,3,R,Steven Smith,1719
Sullivan,Newport,State Representative,3,R,Walter Spilsbury,1460
Sullivan,Newport,State Representative,3,,Undervotes,3423
Sullivan,Newport,State Representative,3,,Overvotes,0
Sullivan,Newport,State Representative,3,,Write-Ins,3
Sullivan,Unity,State Representative,3,D,Nikki Murphy,277
Sullivan,Unity,State Representative,3,R,Skip Rollins,575
Sullivan,Unity,State Representative,3,R,Steven Smith,449
Sullivan,Unity,State Representative,3,R,Walter Spilsbury,407
Sullivan,Unity,State Representative,3,,Undervotes,986
Sullivan,Unity,State Representative,3,,Overvotes,25
Sullivan,Unity,State Representative,3,,Write-Ins,0
Sullivan,Acworth,State Representative,4,D,Claudia Istel,264
Sullivan,Acworth,State Representative,4,R,Judy Aron,303
Sullivan,Acworth,State Representative,4,,Undervotes,26
Sullivan,Acworth,State Representative,4,,Overvotes,1
Sullivan,Acworth,State Representative,4,,Write-Ins,1
Sullivan,Goshen,State Representative,4,D,Claudia Istel,144
Sullivan,Goshen,State Representative,4,R,Judy Aron,295
Sullivan,Goshen,State Representative,4,,Undervotes,45
Sullivan,Goshen,State Representative,4,,Overvotes,0
Sullivan,Goshen,State Representative,4,,Write-Ins,0
Sullivan,Langdon,State Representative,4,D,Claudia Istel,177
Sullivan,Langdon,State Representative,4,R,Judy Aron,231
Sullivan,Langdon,State Representative,4,,Undervotes,23
Sullivan,Langdon,State Representative,4,,Overvotes,0
Sullivan,Langdon,State Representative,4,,Write-Ins,0
Sullivan,Lempster,State Representative,4,D,Claudia Istel,278
Sullivan,Lempster,State Representative,4,R,Judy Aron,434
Sullivan,Lempster,State Representative,4,,Undervotes,40
Sullivan,Lempster,State Representative,4,,Overvotes,0
Sullivan,Lempster,State Representative,4,,Write-Ins,0
Sullivan,Washington,State Representative,4,D,Claudia Istel,291
Sullivan,Washington,State Representative,4,R,Judy Aron,543
Sullivan,Washington,State Representative,4,,Undervotes,54
Sullivan,Washington,State Representative,4,,Overvotes,0
Sullivan,Washington,State Representative,4,,Write-Ins,0
Sullivan,Springfield,State Representative,5,D,Linda Tanner,447
Sullivan,Springfield,State Representative,5,R,George C. Grant,471
Sullivan,Springfield,State Representative,5,,Undervotes,29
Sullivan,Springfield,State Representative,5,,Overvotes,0
Sullivan,Springfield,State Representative,5,,Write-Ins,2
Sullivan,Sunapee,State Representative,5,D,Linda Tanner,1222
Sullivan,Sunapee,State Representative,5,R,George C. Grant,1212
Sullivan,Sunapee,State Representative,5,,Undervotes,77
Sullivan,Sunapee,State Representative,5,,Overvotes,0
Sullivan,Sunapee,State Representative,5,,Write-Ins,1
Sullivan,Claremont Ward 1,State Representative,6,D,John R. Cloutier,789
Sullivan,Claremont Ward 1,State Representative,6,D,Dale Girard,780
Sullivan,Claremont Ward 1,State Representative,6,D,Gary Merchant,728
Sullivan,Claremont Ward 1,State Representative,6,,Undervotes,989
Sullivan,Claremont Ward 1,State Representative,6,,Overvotes,0
Sullivan,Claremont Ward 1,State Representative,6,,Write-Ins,2
Sullivan,Claremont Ward 2,State Representative,6,D,John R. Cloutier,1021
Sullivan,Claremont Ward 2,State Representative,6,D,Dale Girard,1083
Sullivan,Claremont Ward 2,State Representative,6,D,Gary Merchant,987
Sullivan,Claremont Ward 2,State Representative,6,,Undervotes,1108
Sullivan,Claremont Ward 2,State Representative,6,,Overvotes,0
Sullivan,Claremont Ward 2,State Representative,6,,Write-Ins,0
Sullivan,Claremont Ward 3,State Representative,6,D,John R. Cloutier,814
Sullivan,Claremont Ward 3,State Representative,6,D,Dale Girard,871
Sullivan,Claremont Ward 3,State Representative,6,D,Gary Merchant,766
Sullivan,Claremont Ward 3,State Representative,6,,Undervotes,1101
Sullivan,Claremont Ward 3,State Representative,6,,Overvotes,0
Sullivan,Claremont Ward 3,State Representative,6,,Write-Ins,1
Sullivan,Croydon,State Representative,6,D,John R. Cloutier,180
Sullivan,Croydon,State Representative,6,D,Dale Girard,161
Sullivan,Croydon,State Representative,6,D,Gary Merchant,158
Sullivan,Croydon,State Representative,6,,Undervotes,351
Sullivan,Croydon,State Representative,6,,Overvotes,3
Sullivan,Croydon,State Representative,6,,Write-Ins,2
Sullivan,Claremont Ward 1,State Representative,6,R,Wayne J. Hemingway,666
Sullivan,Claremont Ward 1,State Representative,6,R,Robert W. Merrill Jr.,519
Sullivan,Claremont Ward 1,State Representative,6,R,Emily Sandblade,507
Sullivan,Claremont Ward 1,State Representative,6,I,Sean F. McCarthy,181
Sullivan,Claremont Ward 2,State Representative,6,R,Wayne J. Hemingway,944
Sullivan,Claremont Ward 2,State Representative,6,R,Robert W. Merrill Jr.,786
Sullivan,Claremont Ward 2,State Representative,6,R,Emily Sandblade,751
Sullivan,Claremont Ward 2,State Representative,6,I,Sean F. McCarthy,208
Sullivan,Claremont Ward 3,State Representative,6,R,Wayne J. Hemingway,863
Sullivan,Claremont Ward 3,State Representative,6,R,Robert W. Merrill Jr.,674
Sullivan,Claremont Ward 3,State Representative,6,R,Emily Sandblade,640
Sullivan,Claremont Ward 3,State Representative,6,I,Sean F. McCarthy,194
Sullivan,Croydon,State Representative,6,R,Wayne J. Hemingway,310
Sullivan,Croydon,State Representative,6,R,Robert W. Merrill Jr.,278
Sullivan,Croydon,State Representative,6,R,Emily Sandblade,251
Sullivan,Croydon,State Representative,6,I,Sean F. McCarthy,43
Sullivan,Charlestown,State Representative,7F,R,Margaret M. Drye,1341
Sullivan,Charlestown,State Representative,7F,D,Jenny Ramsey,1044
Sullivan,Charlestown,State Representative,7F,,Undervotes,144
Sullivan,Charlestown,State Representative,7F,,Overvotes,0
Sullivan,Charlestown,State Representative,7F,,Write-Ins,3
Sullivan,Cornish,State Representative,7F,R,Margaret M. Drye,512
Sullivan,Cornish,State Representative,7F,D,Jenny Ramsey,596
Sullivan,Cornish,State Representative,7F,,Undervotes,33
Sullivan,Cornish,State Representative,7F,,Overvotes,0
Sullivan,Cornish,State Representative,7F,,Write-Ins,0
Sullivan,Newport,State Representative,7F,R,Margaret M. Drye,1901
Sullivan,Newport,State Representative,7F,D,Jenny Ramsey,1262
Sullivan,Newport,State Representative,7F,,Undervotes,182
Sullivan,Newport,State Representative,7F,,Overvotes,0
Sullivan,Newport,State Representative,7F,,Write-Ins,0
Sullivan,Plainfield,State Representative,7F,R,Margaret M. Drye,597
Sullivan,Plainfield,State Representative,7F,D,Jenny Ramsey,1064
Sullivan,Plainfield,State Representative,7F,,Undervotes,50
Sullivan,Plainfield,State Representative,7F,,Overvotes,2
Sullivan,Plainfield,State Representative,7F,,Write-Ins,0
Sullivan,Unity,State Representative,7F,R,Margaret M. Drye,553
Sullivan,Unity,State Representative,7F,D,Jenny Ramsey,270
Sullivan,Unity,State Representative,7F,,Undervotes,82
Sullivan,Unity,State Representative,7F,,Overvotes,0
Sullivan,Unity,State Representative,7F,,Write-Ins,0
Sullivan,Acworth,State Representative,8F,D,Hope Damon,283
Sullivan,Acworth,State Representative,8F,D,Codi Raymond,239
Sullivan,Acworth,State Representative,8F,R,Michael Aron,294
Sullivan,Acworth,State Representative,8F,R,Jonathan F. Stone,230
Sullivan,Acworth,State Representative,8F,,Undervotes,144
Sullivan,Acworth,State Representative,8F,,Overvotes,0
Sullivan,Acworth,State Representative,8F,,Write-Ins,0
Sullivan,Claremont Ward 1,State Representative,8F,D,Hope Damon,841
Sullivan,Claremont Ward 1,State Representative,8F,D,Codi Raymond,772
Sullivan,Claremont Ward 1,State Representative,8F,R,Michael Aron,613
Sullivan,Claremont Ward 1,State Representative,8F,R,Jonathan F. Stone,639
Sullivan,Claremont Ward 1,State Representative,8F,,Undervotes,579
Sullivan,Claremont Ward 1,State Representative,8F,,Overvotes,0
Sullivan,Claremont Ward 1,State Representative,8F,,Write-Ins,0
Sullivan,Claremont Ward 2,State Representative,8F,D,Hope Damon,1074
Sullivan,Claremont Ward 2,State Representative,8F,D,Codi Raymond,1018
Sullivan,Claremont Ward 2,State Representative,8F,R,Michael Aron,897
Sullivan,Claremont Ward 2,State Representative,8F,R,Jonathan F. Stone,924
Sullivan,Claremont Ward 2,State Representative,8F,,Undervotes,679
Sullivan,Claremont Ward 2,State Representative,8F,,Overvotes,0
Sullivan,Claremont Ward 2,State Representative,8F,,Write-Ins,0
Sullivan,Claremont Ward 3,State Representative,8F,D,Hope Damon,872
Sullivan,Claremont Ward 3,State Representative,8F,D,Codi Raymond,802
Sullivan,Claremont Ward 3,State Representative,8F,R,Michael Aron,766
Sullivan,Claremont Ward 3,State Representative,8F,R,Jonathan F. Stone,849
Sullivan,Claremont Ward 3,State Representative,8F,,Undervotes,658
Sullivan,Claremont Ward 3,State Representative,8F,,Overvotes,0
Sullivan,Claremont Ward 3,State Representative,8F,,Write-Ins,2
Sullivan,Croydon,State Representative,8F,D,Hope Damon,223
Sullivan,Croydon,State Representative,8F,D,Codi Raymond,171
Sullivan,Croydon,State Representative,8F,R,Michael Aron,300
Sullivan,Croydon,State Representative,8F,R,Jonathan F. Stone,269
Sullivan,Croydon,State Representative,8F,,Undervotes,194
Sullivan,Croydon,State Representative,8F,,Overvotes,0
Sullivan,Croydon,State Representative,8F,,Write-Ins,1
Sullivan,Goshen,State Representative,8F,D,Hope Damon,163
Sullivan,Goshen,State Representative,8F,D,Codi Raymond,141
Sullivan,Goshen,State Representative,8F,R,Michael Aron,263
Sullivan,Goshen,State Representative,8F,R,Jonathan F. Stone,233
Sullivan,Goshen,State Representative,8F,,Undervotes,168
Sullivan,Goshen,State Representative,8F,,Overvotes,0
Sullivan,Goshen,State Representative,8F,,Write-Ins,0
Sullivan,Langdon,State Representative,8F,D,Hope Damon,170
Sullivan,Langdon,State Representative,8F,D,Codi Raymond,153
Sullivan,Langdon,State Representative,8F,R,Michael Aron,215
Sullivan,Langdon,State Representative,8F,R,Jonathan F. Stone,187
Sullivan,Langdon,State Representative,8F,,Undervotes,135
Sullivan,Langdon,State Representative,8F,,Overvotes,2
Sullivan,Langdon,State Representative,8F,,Write-Ins,0
Sullivan,Lempster,State Representative,8F,D,Hope Damon,308
Sullivan,Lempster,State Representative,8F,D,Codi Raymond,265
Sullivan,Lempster,State Representative,8F,R,Michael Aron,392
Sullivan,Lempster,State Representative,8F,R,Jonathan F. Stone,349
Sullivan,Lempster,State Representative,8F,,Undervotes,177
Sullivan,Lempster,State Representative,8F,,Overvotes,0
Sullivan,Lempster,State Representative,8F,,Write-Ins,0
Sullivan,Springfield,State Representative,8F,D,Hope Damon,447
Sullivan,Springfield,State Representative,8F,D,Codi Raymond,391
Sullivan,Springfield,State Representative,8F,R,Michael Aron,404
Sullivan,Springfield,State Representative,8F,R,Jonathan F. Stone,416
Sullivan,Springfield,State Representative,8F,,Undervotes,178
Sullivan,Springfield,State Representative,8F,,Overvotes,0
Sullivan,Springfield,State Representative,8F,,Write-Ins,2
Sullivan,Sunapee,State Representative,8F,D,Hope Damon,1291
Sullivan,Sunapee,State Representative,8F,D,Codi Raymond,1116
Sullivan,Sunapee,State Representative,8F,R,Michael Aron,1102
Sullivan,Sunapee,State Representative,8F,R,Jonathan F. Stone,1043
Sullivan,Sunapee,State Representative,8F,,Undervotes,467
Sullivan,Sunapee,State Representative,8F,,Overvotes,0
Sullivan,Sunapee,State Representative,8F,,Write-Ins,0
Sullivan,Washington,State Representative,8F,D,Hope Damon,320
Sullivan,Washington,State Representative,8F,D,Codi Raymond,283
Sullivan,Washington,State Representative,8F,R,Michael Aron,498
Sullivan,Washington,State Representative,8F,R,Jonathan F. Stone,442
Sullivan,Washington,State Representative,8F,,Undervotes,233
Sullivan,Washington,State Representative,8F,,Overvotes,0
Sullivan,Washington,State Representative,8F,,Write-Ins,0
